GEOID,expected_in_aoi,file_present,path,readable,crs,pixel_size_x,pixel_size_y,width,height,sampled_valid_fraction,unmasked_nonfinite_count,sampled_min,sampled_max,qa_status,qa_note
01001,1,1,01001_ndvi.tif,1,EPSG:5070,90.0,90.0,558,535,0.6518373362811107,0,-0.38174763321876526,0.9846489429473877,pass,
01003,1,1,01003_ndvi.tif,1,EPSG:5070,90.0,90.0,734,1369,0.5375161965117042,0,-0.7256642580032349,0.9772990942001343,pass,
01007,1,1,01007_ndvi.tif,1,EPSG:5070,90.0,90.0,581,541,0.6407971468657837,0,-0.02083248272538185,0.9455916881561279,pass,
01009,1,1,01009_ndvi.tif,1,EPSG:5070,90.0,90.0,644,631,0.515931529367759,0,-0.051501087844371796,0.9644901752471924,pass,
01015,1,1,01015_ndvi.tif,1,EPSG:5070,90.0,90.0,600,524,0.6268797709923664,0,-0.2554962635040283,0.9529179334640503,pass,
01021,1,1,01021_ndvi.tif,1,EPSG:5070,90.0,90.0,679,544,0.6100071471887725,0,-0.08372505009174347,0.9896193742752075,pass,
01033,1,1,01033_ndvi.tif,1,EPSG:5070,90.0,90.0,710,412,0.6861445371256666,0,-0.1453399509191513,0.956944465637207,pass,
01051,1,1,01051_ndvi.tif,1,EPSG:5070,90.0,90.0,614,493,0.6989613547317164,0,-0.30367767810821533,0.977632462978363,pass,
01055,1,1,01055_ndvi.tif,1,EPSG:5070,90.0,90.0,640,467,0.5915149892933619,0,-0.3470929265022278,0.9697964191436768,pass,
01061,1,1,01061_ndvi.tif,1,EPSG:5070,90.0,90.0,768,333,0.7280366303803804,0,-0.16398397088050842,0.9719536900520325,pass,
01063,1,1,01063_ndvi.tif,1,EPSG:5070,90.0,90.0,522,785,0.5207482246138078,0,-0.3068552017211914,0.9787024259567261,pass,
01065,1,1,01065_ndvi.tif,1,EPSG:5070,90.0,90.0,456,674,0.6880010672080795,0,-0.3026931881904602,0.9717483520507812,pass,
01067,1,1,01067_ndvi.tif,1,EPSG:5070,90.0,90.0,415,597,0.7378176020665577,0,-0.710248589515686,0.9885033369064331,pass,
01069,1,1,01069_ndvi.tif,1,EPSG:5070,90.0,90.0,775,432,0.5592891278375149,0,0.023406563326716423,0.99970942735672,pass,
01073,1,1,01073_ndvi.tif,1,EPSG:5070,90.0,90.0,837,765,0.5641545825817383,0,-0.30585700273513794,0.9798554182052612,pass,
01077,1,1,01077_ndvi.tif,1,EPSG:5070,90.0,90.0,1013,385,0.5938872578556685,0,-0.22429078817367554,0.9637318253517151,pass,
01079,1,1,01079_ndvi.tif,1,EPSG:5070,90.0,90.0,455,635,0.797670675780912,0,-0.21888244152069092,0.9772485494613647,pass,
01081,1,1,01081_ndvi.tif,1,EPSG:5070,90.0,90.0,744,451,0.5906885535131011,0,-0.245370551943779,0.9751437902450562,pass,
01083,1,1,01083_ndvi.tif,1,EPSG:5070,90.0,90.0,519,547,0.6876745816205402,0,-0.4498594105243683,0.966482937335968,pass,
01085,1,1,01085_ndvi.tif,1,EPSG:5070,90.0,90.0,556,573,0.7323282735068489,0,-0.3381209075450897,0.9854142665863037,pass,
01089,1,1,01089_ndvi.tif,1,EPSG:5070,90.0,90.0,538,654,0.7430823187021816,0,-0.4399743676185608,0.9911677241325378,pass,
01097,1,1,01097_ndvi.tif,1,EPSG:5070,90.0,90.0,555,1193,0.6156800555794688,0,-0.47961288690567017,0.9855804443359375,pass,
01101,1,1,01101_ndvi.tif,1,EPSG:5070,90.0,90.0,609,666,0.6346075139178587,0,-0.4907357096672058,0.9939236044883728,pass,
01103,1,1,01103_ndvi.tif,1,EPSG:5070,90.0,90.0,576,463,0.7224434545236381,0,-0.28498169779777527,0.9812865853309631,pass,
01107,1,1,01107_ndvi.tif,1,EPSG:5070,90.0,90.0,500,703,0.8130071123755335,0,-0.32621315121650696,0.9798210859298706,pass,
01113,1,1,01113_ndvi.tif,1,EPSG:5070,90.0,90.0,586,574,0.6193558169126304,0,-0.17034418880939484,0.9835362434387207,pass,
01115,1,1,01115_ndvi.tif,1,EPSG:5070,90.0,90.0,548,758,0.5068153804672303,0,-0.22480399906635284,0.9850552082061768,pass,
01117,1,1,01117_ndvi.tif,1,EPSG:5070,90.0,90.0,690,660,0.5717742643829601,0,-0.5707950592041016,0.9827935695648193,pass,
01125,1,1,01125_ndvi.tif,1,EPSG:5070,90.0,90.0,824,768,0.6856227245145631,0,-0.3995102345943451,0.9744212627410889,pass,
01129,1,1,01129_ndvi.tif,1,EPSG:5070,90.0,90.0,638,751,0.7301654220704682,0,-0.31922003626823425,0.9690051674842834,pass,
04003,1,1,04003_ndvi.tif,1,EPSG:5070,90.0,90.0,1659,1554,0.7724889704998205,0,-0.1054212749004364,0.9124094843864441,pass,
04005,1,1,04005_ndvi.tif,1,EPSG:5070,90.0,90.0,2829,3656,0.5777043097707164,0,-0.540351152420044,0.9378374814987183,pass,
04013,1,1,04013_ndvi.tif,1,EPSG:5070,90.0,90.0,2536,2028,0.5745678404544577,0,-0.7229570150375366,0.9112090468406677,pass,
04015,1,1,04015_ndvi.tif,1,EPSG:5070,90.0,90.0,2535,3480,0.48869471082998933,0,-0.8950570225715637,0.8977949619293213,pass,
04019,1,1,04019_ndvi.tif,1,EPSG:5070,90.0,90.0,3058,1669,0.5766759760664697,0,-0.9993533492088318,0.9183430671691895,pass,
04021,1,1,04021_ndvi.tif,1,EPSG:5070,90.0,90.0,1929,1350,0.6613728087859763,0,-0.3967186510562897,0.9151781797409058,pass,
04025,1,1,04025_ndvi.tif,1,EPSG:5070,90.0,90.0,1951,2203,0.6057575371918401,0,-0.3197670578956604,0.9066364169120789,pass,
04027,1,1,04027_ndvi.tif,1,EPSG:5070,90.0,90.0,1709,1917,0.5399409001960531,0,-0.5466359853744507,0.9107376933097839,pass,
05007,1,1,05007_ndvi.tif,1,EPSG:5070,90.0,90.0,798,508,0.7009946125155408,0,-0.2507639229297638,0.9648712873458862,pass,
05025,1,1,05025_ndvi.tif,1,EPSG:5070,90.0,90.0,533,460,0.7852720450281426,0,0.08141954988241196,0.9800914525985718,pass,
05031,1,1,05031_ndvi.tif,1,EPSG:5070,90.0,90.0,755,400,0.7582185430463576,0,-0.24278923869132996,0.9457491636276245,pass,
05033,1,1,05033_ndvi.tif,1,EPSG:5070,90.0,90.0,599,528,0.6164472352911418,0,-0.13459795713424683,0.9522371292114258,pass,
05035,1,1,05035_ndvi.tif,1,EPSG:5070,90.0,90.0,461,774,0.5818353539939576,0,-0.3659949004650116,0.9433427453041077,pass,
05045,1,1,05045_ndvi.tif,1,EPSG:5070,90.0,90.0,481,659,0.6740762006315876,0,-0.028847739100456238,0.9657343029975891,pass,
05047,1,1,05047_ndvi.tif,1,EPSG:5070,90.0,90.0,375,719,0.739964765878535,0,-0.08043135702610016,0.9701908826828003,pass,
05051,1,1,05051_ndvi.tif,1,EPSG:5070,90.0,90.0,623,479,0.7905749337336679,0,-0.06633904576301575,0.9657319784164429,pass,
05053,1,1,05053_ndvi.tif,1,EPSG:5070,90.0,90.0,472,544,0.7925208748753739,0,0.009948955848813057,0.9860772490501404,pass,
05069,1,1,05069_ndvi.tif,1,EPSG:5070,90.0,90.0,822,545,0.6576441438424965,0,-0.11061369627714157,0.9734346866607666,pass,
05079,1,1,05079_ndvi.tif,1,EPSG:5070,90.0,90.0,564,489,0.6647739633642258,0,-0.03495185077190399,0.9799720644950867,pass,
05081,1,1,05081_ndvi.tif,1,EPSG:5070,90.0,90.0,678,502,0.5354217348893512,0,-0.4746363162994385,0.9816893339157104,pass,
05085,1,1,05085_ndvi.tif,1,EPSG:5070,90.0,90.0,519,731,0.6807893744942526,0,-0.2386624664068222,0.9501370787620544,pass,
05087,1,1,05087_ndvi.tif,1,EPSG:5070,90.0,90.0,505,684,0.7782844073881072,0,0.1491900533437729,0.9721454977989197,pass,
05091,1,1,05091_ndvi.tif,1,EPSG:5070,90.0,90.0,396,744,0.698900972086456,0,-0.31333211064338684,0.9562847018241882,pass,
05105,1,1,05105_ndvi.tif,1,EPSG:5070,90.0,90.0,765,450,0.5250689905591867,0,-0.06650114804506302,0.9814764261245728,pass,
05111,1,1,05111_ndvi.tif,1,EPSG:5070,90.0,90.0,767,362,0.8837077801868513,0,-0.36598753929138184,0.960757315158844,pass,
05119,1,1,05119_ndvi.tif,1,EPSG:5070,90.0,90.0,751,652,0.5305339302198296,0,-0.792683482170105,0.9723579287528992,pass,
05125,1,1,05125_ndvi.tif,1,EPSG:5070,90.0,90.0,853,547,0.5036830971879012,0,-0.16010014712810516,0.9590278267860413,pass,
05131,1,1,05131_ndvi.tif,1,EPSG:5070,90.0,90.0,415,653,0.6474916511374749,0,-0.2502254545688629,0.936720609664917,pass,
05143,1,1,05143_ndvi.tif,1,EPSG:5070,90.0,90.0,655,610,0.7654060818420724,0,-0.08615485578775406,0.9609436392784119,pass,
06001,1,1,06001_ndvi.tif,1,EPSG:5070,90.0,90.0,738,720,0.4546823246010238,0,-0.8991946578025818,0.89070725440979,pass,
06007,1,1,06007_ndvi.tif,1,EPSG:5070,90.0,90.0,860,991,0.6323727500997348,0,-0.2051437497138977,0.9406844973564148,pass,
06013,1,1,06013_ndvi.tif,1,EPSG:5070,90.0,90.0,837,492,0.5945449777078416,0,-0.9817563891410828,0.9260308742523193,pass,
06017,1,1,06017_ndvi.tif,1,EPSG:5070,90.0,90.0,1227,670,0.6975671763432227,0,-0.9106804132461548,0.9942911267280579,pass,
06019,1,1,06019_ndvi.tif,1,EPSG:5070,90.0,90.0,2481,1712,0.450352350762995,0,-0.9894179701805115,0.9852116703987122,pass,
06025,1,1,06025_ndvi.tif,1,EPSG:5070,90.0,90.0,1748,1155,0.7113029609597116,0,-0.9725646376609802,0.9000892639160156,pass,
06029,1,1,06029_ndvi.tif,1,EPSG:5070,90.0,90.0,2532,1782,0.579620143864483,0,-0.5647189617156982,0.9227176308631897,pass,
06031,1,1,06031_ndvi.tif,1,EPSG:5070,90.0,90.0,960,853,0.545906604142243,0,-0.658195436000824,0.9133322834968567,pass,
06037,1,1,06037_ndvi.tif,1,EPSG:5070,90.0,90.0,1484,2545,0.34754526342545766,0,-0.6638110876083374,0.9766747951507568,pass,
06039,1,1,06039_ndvi.tif,1,EPSG:5070,90.0,90.0,1617,1001,0.42509562175610416,0,-0.46714478731155396,0.9907955527305603,pass,
06041,1,1,06041_ndvi.tif,1,EPSG:5070,90.0,90.0,537,719,0.45412493557418615,0,-0.45945221185684204,0.9427170753479004,pass,
06047,1,1,06047_ndvi.tif,1,EPSG:5070,90.0,90.0,1202,942,0.5608725372786333,0,-0.3327520787715912,0.9330148100852966,pass,
06053,1,1,06053_ndvi.tif,1,EPSG:5070,90.0,90.0,1454,1741,0.42005337728242004,0,-0.8426476716995239,0.9842268824577332,pass,
06055,1,1,06055_ndvi.tif,1,EPSG:5070,90.0,90.0,476,903,0.5936700261499949,0,-0.46802079677581787,0.8996291756629944,pass,
06059,1,1,06059_ndvi.tif,1,EPSG:5070,90.0,90.0,677,764,0.49634010533072453,0,-0.34545987844467163,0.8922469019889832,pass,
06061,1,1,06061_ndvi.tif,1,EPSG:5070,90.0,90.0,1549,606,0.5145798311270765,0,-0.9964007139205933,0.9709794521331787,pass,
06065,1,1,06065_ndvi.tif,1,EPSG:5070,90.0,90.0,3287,1357,0.5246193272934467,0,-0.5409296751022339,0.911411702632904,pass,
06067,1,1,06067_ndvi.tif,1,EPSG:5070,90.0,90.0,922,818,0.42439631077332685,0,-0.3117001950740814,0.9462242126464844,pass,
06069,1,1,06069_ndvi.tif,1,EPSG:5070,90.0,90.0,868,1144,0.45023927685218007,0,-0.1960427314043045,0.9205690026283264,pass,
06071,1,1,06071_ndvi.tif,1,EPSG:5070,90.0,90.0,3732,2763,0.6240977563337923,0,-0.7496246099472046,0.9130035638809204,pass,
06073,1,1,06073_ndvi.tif,1,EPSG:5070,90.0,90.0,1525,1388,0.6444909528983795,0,-0.832919180393219,0.914908230304718,pass,
06075,1,1,06075_ndvi.tif,1,EPSG:5070,90.0,90.0,668,197,0.1175491656281346,0,-0.5808461904525757,0.8771697878837585,pass,
06077,1,1,06077_ndvi.tif,1,EPSG:5070,90.0,90.0,765,936,0.640027093458466,0,-0.27784430980682373,0.9613710641860962,pass,
06079,1,1,06079_ndvi.tif,1,EPSG:5070,90.0,90.0,1587,1553,0.4326143152002486,0,-0.2766256630420685,0.9535951018333435,pass,
06081,1,1,06081_ndvi.tif,1,EPSG:5070,90.0,90.0,365,776,0.5213529162547663,0,-0.9624007344245911,0.9576048254966736,pass,
06083,1,1,06083_ndvi.tif,1,EPSG:5070,90.0,90.0,1280,2252,0.30628920126554177,0,-0.8925219774246216,0.9715077877044678,pass,
06085,1,1,06085_ndvi.tif,1,EPSG:5070,90.0,90.0,855,842,0.5806656387604006,0,-0.32971733808517456,0.928172767162323,pass,
06087,1,1,06087_ndvi.tif,1,EPSG:5070,90.0,90.0,613,616,0.3820840660155505,0,-0.40516847372055054,0.948166012763977,pass,
06089,1,1,06089_ndvi.tif,1,EPSG:5070,90.0,90.0,1857,1178,0.563990882934576,0,-0.48111656308174133,0.9354998469352722,pass,
06095,1,1,06095_ndvi.tif,1,EPSG:5070,90.0,90.0,808,624,0.5679522880172633,0,-0.5620582699775696,0.9266447424888611,pass,
06097,1,1,06097_ndvi.tif,1,EPSG:5070,90.0,90.0,897,1076,0.5288798266008545,0,-0.36195358633995056,0.9535585641860962,pass,
06099,1,1,06099_ndvi.tif,1,EPSG:5070,90.0,90.0,1130,1058,0.40707295448082037,0,-0.37232083082199097,0.9285885095596313,pass,
06101,1,1,06101_ndvi.tif,1,EPSG:5070,90.0,90.0,436,792,0.5686133120192753,0,-0.3711256682872772,0.9438283443450928,pass,
06107,1,1,06107_ndvi.tif,1,EPSG:5070,90.0,90.0,1551,1380,0.722161485343724,0,-0.6563974618911743,0.9679999947547913,pass,
06111,1,1,06111_ndvi.tif,1,EPSG:5070,90.0,90.0,1241,2027,0.23681707107155733,0,-0.9633195996284485,0.9716376662254333,pass,
06113,1,1,06113_ndvi.tif,1,EPSG:5070,90.0,90.0,741,945,0.469584216952638,0,-0.380401611328125,0.9373995065689087,pass,
06115,1,1,06115_ndvi.tif,1,EPSG:5070,90.0,90.0,759,726,0.3771237346515823,0,-0.4810951352119446,0.9387385249137878,pass,
08001,1,1,08001_ndvi.tif,1,EPSG:5070,90.0,90.0,1288,429,0.6891550478507,0,-0.35552284121513367,0.9218787550926208,pass,
08005,1,1,08005_ndvi.tif,1,EPSG:5070,90.0,90.0,1288,314,0.6416356767021403,0,-0.21252843737602234,0.9045192003250122,pass,
08013,1,1,08013_ndvi.tif,1,EPSG:5070,90.0,90.0,636,477,0.784845008768113,0,-0.6169024705886841,0.9602590799331665,pass,
08014,1,1,08014_ndvi.tif,1,EPSG:5070,90.0,90.0,210,179,0.3030859271082735,0,-0.32176673412323,0.9110631942749023,pass,
08019,1,1,08019_ndvi.tif,1,EPSG:5070,90.0,90.0,506,383,0.6588354884983333,0,-0.043086808174848557,0.9435482025146484,pass,
08031,1,1,08031_ndvi.tif,1,EPSG:5070,90.0,90.0,511,344,0.2900150184317116,0,-0.21652069687843323,0.8826858401298523,pass,
08035,1,1,08035_ndvi.tif,1,EPSG:5070,90.0,90.0,685,577,0.6858075370972435,0,-0.16156141459941864,0.9010763168334961,pass,
08039,1,1,08039_ndvi.tif,1,EPSG:5070,90.0,90.0,944,945,0.6651073894717963,0,-0.15858078002929688,0.9193790555000305,pass,
08041,1,1,08041_ndvi.tif,1,EPSG:5070,90.0,90.0,1007,839,0.8079865257855323,0,-0.24782033264636993,0.9510077238082886,pass,
08047,1,1,08047_ndvi.tif,1,EPSG:5070,90.0,90.0,291,258,0.6484589360398519,0,-0.03904694691300392,0.9114546179771423,pass,
08059,1,1,08059_ndvi.tif,1,EPSG:5070,90.0,90.0,420,979,0.6061846393307068,0,-0.33599328994750977,0.8951632976531982,pass,
08069,1,1,08069_ndvi.tif,1,EPSG:5070,90.0,90.0,1158,1019,0.7155114991330523,0,-0.38539552688598633,0.9601156711578369,pass,
08077,1,1,08077_ndvi.tif,1,EPSG:5070,90.0,90.0,1717,1156,0.5397636700368592,0,-0.3856430947780609,0.9400586485862732,pass,
08093,1,1,08093_ndvi.tif,1,EPSG:5070,90.0,90.0,837,1124,0.7538924816217893,0,-0.9840263724327087,0.9365528225898743,pass,
08101,1,1,08101_ndvi.tif,1,EPSG:5070,90.0,90.0,1025,1051,0.7140265948806015,0,-0.334297776222229,0.9476069211959839,pass,
08119,1,1,08119_ndvi.tif,1,EPSG:5070,90.0,90.0,383,630,0.7451075469352232,0,-0.11343634873628616,0.9227104187011719,pass,
08123,1,1,08123_ndvi.tif,1,EPSG:5070,90.0,90.0,1488,1304,0.6634584858829738,0,-0.5164605379104614,0.950914204120636,pass,
10001,1,1,10001_ndvi.tif,1,EPSG:5070,90.0,90.0,511,696,0.5405560429178757,0,-0.2139001488685608,0.9557462930679321,pass,
10003,1,1,10003_ndvi.tif,1,EPSG:5070,90.0,90.0,351,706,0.5663301130723227,0,-0.23740926384925842,0.9368852972984314,pass,
10005,1,1,10005_ndvi.tif,1,EPSG:5070,90.0,90.0,732,678,0.6332974676402792,0,-0.46691882610321045,0.974892258644104,pass,
12001,1,1,12001_ndvi.tif,1,EPSG:5070,90.0,90.0,711,592,0.7397033109058425,0,-0.07848187536001205,0.9806827306747437,pass,
12003,1,1,12003_ndvi.tif,1,EPSG:5070,90.0,90.0,512,566,0.6527095295936396,0,0.037295036017894745,0.9909113645553589,pass,
12005,1,1,12005_ndvi.tif,1,EPSG:5070,90.0,90.0,705,789,0.5099137969779504,0,-0.9975262880325317,0.9818324446678162,pass,
12009,1,1,12009_ndvi.tif,1,EPSG:5070,90.0,90.0,746,1199,0.4637801384978993,0,-0.8638467788696289,0.9932219982147217,pass,
12011,1,1,12011_ndvi.tif,1,EPSG:5070,90.0,90.0,916,561,0.7615086129727794,0,-0.3560844957828522,0.9943876266479492,pass,
12015,1,1,12015_ndvi.tif,1,EPSG:5070,90.0,90.0,922,425,0.6102181957381652,0,-0.5376877784729004,0.9775260090827942,pass,
12017,1,1,12017_ndvi.tif,1,EPSG:5070,90.0,90.0,670,467,0.679478410943143,0,-0.4186076819896698,0.9994321465492249,pass,
12019,1,1,12019_ndvi.tif,1,EPSG:5070,90.0,90.0,560,635,0.5819066366704162,0,-0.3722490966320038,0.9871947169303894,pass,
12021,1,1,12021_ndvi.tif,1,EPSG:5070,90.0,90.0,1177,895,0.6406212176587575,0,-0.6537693738937378,0.989660918712616,pass,
12031,1,1,12031_ndvi.tif,1,EPSG:5070,90.0,90.0,711,579,0.662005154626654,0,-0.5181096792221069,0.9797146916389465,pass,
12033,1,1,12033_ndvi.tif,1,EPSG:5070,90.0,90.0,815,919,0.3217861505904658,0,-0.998832643032074,0.9735474586486816,pass,
12035,1,1,12035_ndvi.tif,1,EPSG:5070,90.0,90.0,487,534,0.6278560936406494,0,-0.17495401203632355,0.9854088425636292,pass,
12039,1,1,12039_ndvi.tif,1,EPSG:5070,90.0,90.0,675,417,0.604966693312017,0,-0.3236946761608124,0.9799615144729614,pass,
12041,1,1,12041_ndvi.tif,1,EPSG:5070,90.0,90.0,349,453,0.7244286735358673,0,0.1401793509721756,0.9885874390602112,pass,
12053,1,1,12053_ndvi.tif,1,EPSG:5070,90.0,90.0,707,357,0.6338812752823901,0,-0.5597042441368103,0.9766777157783508,pass,
12055,1,1,12055_ndvi.tif,1,EPSG:5070,90.0,90.0,764,810,0.5746444961540947,0,-0.34544962644577026,0.9985889196395874,pass,
12057,1,1,12057_ndvi.tif,1,EPSG:5070,90.0,90.0,766,834,0.5447887121112509,0,-0.2857499122619629,0.96614009141922,pass,
12061,1,1,12061_ndvi.tif,1,EPSG:5070,90.0,90.0,662,425,0.6167798116225343,0,-0.4825347065925598,0.9806534051895142,pass,
12065,1,1,12065_ndvi.tif,1,EPSG:5070,90.0,90.0,474,750,0.5552517580872012,0,-0.04703178256750107,0.9827640056610107,pass,
12069,1,1,12069_ndvi.tif,1,EPSG:5070,90.0,90.0,658,1185,0.47692919343875445,0,-0.7840648889541626,0.9863563179969788,pass,
12071,1,1,12071_ndvi.tif,1,EPSG:5070,90.0,90.0,850,591,0.5687867024982581,0,-0.5040033459663391,0.9809534549713135,pass,
12073,1,1,12073_ndvi.tif,1,EPSG:5070,90.0,90.0,752,548,0.5483115584718123,0,-0.20860430598258972,0.9834537506103516,pass,
12075,1,1,12075_ndvi.tif,1,EPSG:5070,90.0,90.0,831,722,0.61945191689084,0,-0.5409849286079407,0.9928531646728516,pass,
12081,1,1,12081_ndvi.tif,1,EPSG:5070,90.0,90.0,813,563,0.5589564776642438,0,-0.6074398159980774,0.9931584596633911,pass,
12083,1,1,12083_ndvi.tif,1,EPSG:5070,90.0,90.0,990,758,0.7113469790250793,0,-0.26836952567100525,0.9962038993835449,pass,
12085,1,1,12085_ndvi.tif,1,EPSG:5070,90.0,90.0,881,491,0.5029093489854845,0,-0.5443451404571533,0.9899195432662964,pass,
12086,1,1,12086_ndvi.tif,1,EPSG:5070,90.0,90.0,872,1129,0.6520302939192758,0,-0.999624490737915,0.9979024529457092,pass,
12089,1,1,12089_ndvi.tif,1,EPSG:5070,90.0,90.0,678,704,0.4527080819254492,0,-0.27066880464553833,0.9851584434509277,pass,
12091,1,1,12091_ndvi.tif,1,EPSG:5070,90.0,90.0,487,790,0.8298365087204013,0,-0.9007708430290222,0.97704017162323,pass,
12095,1,1,12095_ndvi.tif,1,EPSG:5070,90.0,90.0,937,574,0.5983734879275916,0,-0.685481607913971,0.9907991886138916,pass,
12097,1,1,12097_ndvi.tif,1,EPSG:5070,90.0,90.0,984,903,0.5443823208996209,0,-0.4713476598262787,0.9848778247833252,pass,
12099,1,1,12099_ndvi.tif,1,EPSG:5070,90.0,90.0,1021,914,0.7639772651774444,0,-0.5289051532745361,0.9908669590950012,pass,
12101,1,1,12101_ndvi.tif,1,EPSG:5070,90.0,90.0,856,497,0.5796649053197691,0,-0.4408583641052246,0.9962208867073059,pass,
12103,1,1,12103_ndvi.tif,1,EPSG:5070,90.0,90.0,344,696,0.4419690590751136,0,-0.6038035750389099,0.9875187277793884,pass,
12105,1,1,12105_ndvi.tif,1,EPSG:5070,90.0,90.0,1171,916,0.6015647433052779,0,-0.5713399648666382,0.9858112335205078,pass,
12109,1,1,12109_ndvi.tif,1,EPSG:5070,90.0,90.0,581,792,0.471092160851197,0,-0.8924465179443359,0.9880698919296265,pass,
12111,1,1,12111_ndvi.tif,1,EPSG:5070,90.0,90.0,583,490,0.6881751671509084,0,-0.4248899817466736,0.9781883955001831,pass,
12113,1,1,12113_ndvi.tif,1,EPSG:5070,90.0,90.0,599,853,0.7220983781096669,0,-0.9286757111549377,0.9842775464057922,pass,
12115,1,1,12115_ndvi.tif,1,EPSG:5070,90.0,90.0,705,554,0.4989630539980029,0,-0.32173073291778564,0.9848347306251526,pass,
12117,1,1,12117_ndvi.tif,1,EPSG:5070,90.0,90.0,528,321,0.6576925800056641,0,-0.38437163829803467,0.9802623391151428,pass,
12119,1,1,12119_ndvi.tif,1,EPSG:5070,90.0,90.0,498,804,0.46680503106955185,0,-0.14417922496795654,0.9874624013900757,pass,
12127,1,1,12127_ndvi.tif,1,EPSG:5070,90.0,90.0,1117,971,0.3750787151475143,0,-0.9942996501922607,0.9986428022384644,pass,
12129,1,1,12129_ndvi.tif,1,EPSG:5070,90.0,90.0,729,435,0.6405941062390615,0,-0.24378448724746704,0.9892550110816956,pass,
12131,1,1,12131_ndvi.tif,1,EPSG:5070,90.0,90.0,625,885,0.6666937853107344,0,-0.7636114358901978,0.9819934368133545,pass,
13013,1,1,13013_ndvi.tif,1,EPSG:5070,90.0,90.0,343,280,0.550052061640983,0,0.02833370491862297,0.9654112458229065,pass,
13015,1,1,13015_ndvi.tif,1,EPSG:5070,90.0,90.0,410,454,0.8115074674975825,0,-0.26650524139404297,0.9814823865890503,pass,
13021,1,1,13021_ndvi.tif,1,EPSG:5070,90.0,90.0,417,346,0.5711315340790951,0,-0.22481176257133484,0.9775087237358093,pass,
13025,1,1,13025_ndvi.tif,1,EPSG:5070,90.0,90.0,563,484,0.5296999544940769,0,-0.12707635760307312,0.992123544216156,pass,
13027,1,1,13027_ndvi.tif,1,EPSG:5070,90.0,90.0,515,539,0.5779635066736315,0,-0.030331745743751526,0.997395932674408,pass,
13029,1,1,13029_ndvi.tif,1,EPSG:5070,90.0,90.0,729,593,0.33889895141534637,0,-0.329159677028656,0.9713221788406372,pass,
13033,1,1,13033_ndvi.tif,1,EPSG:5070,90.0,90.0,781,612,0.5623132735808792,0,0.02040630578994751,0.9915853142738342,pass,
13035,1,1,13035_ndvi.tif,1,EPSG:5070,90.0,90.0,332,324,0.566023352669939,0,-0.3794737458229065,0.9685541987419128,pass,
13045,1,1,13045_ndvi.tif,1,EPSG:5070,90.0,90.0,553,504,0.5819483911708143,0,-0.19526004791259766,0.9879032969474792,pass,
13047,1,1,13047_ndvi.tif,1,EPSG:5070,90.0,90.0,288,293,0.6227128365566932,0,-0.3079920709133148,0.9325467944145203,pass,
13051,1,1,13051_ndvi.tif,1,EPSG:5070,90.0,90.0,587,623,0.4359216955928477,0,-0.45645761489868164,0.9225056767463684,pass,
13053,1,1,13053_ndvi.tif,1,EPSG:5070,90.0,90.0,378,410,0.5236998322364176,0,-0.20982255041599274,0.9629973769187927,pass,
13057,1,1,13057_ndvi.tif,1,EPSG:5070,90.0,90.0,433,424,0.7613675977166761,0,-0.15905989706516266,0.9901230335235596,pass,
13059,1,1,13059_ndvi.tif,1,EPSG:5070,90.0,90.0,311,227,0.5574741136308908,0,-0.09975685179233551,0.9684950709342957,pass,
13063,1,1,13063_ndvi.tif,1,EPSG:5070,90.0,90.0,226,378,0.5487428009551903,0,-0.046055782586336136,0.9496498107910156,pass,
13067,1,1,13067_ndvi.tif,1,EPSG:5070,90.0,90.0,383,427,0.6783864596645489,0,-0.4084818363189697,0.9768273830413818,pass,
13073,1,1,13073_ndvi.tif,1,EPSG:5070,90.0,90.0,437,424,0.5361275419886878,0,-0.10789559781551361,0.9537696242332458,pass,
13077,1,1,13077_ndvi.tif,1,EPSG:5070,90.0,90.0,555,425,0.6092252252252253,0,-0.1535307914018631,0.9757798910140991,pass,
13079,1,1,13079_ndvi.tif,1,EPSG:5070,90.0,90.0,516,407,0.5022712987829266,0,-0.4068279564380646,0.9849634170532227,pass,
13083,1,1,13083_ndvi.tif,1,EPSG:5070,90.0,90.0,243,464,0.5001596424010217,0,0.06253395974636078,0.9798535704612732,pass,
13085,1,1,13085_ndvi.tif,1,EPSG:5070,90.0,90.0,428,358,0.45302302511355924,0,-0.060159262269735336,0.9947826266288757,pass,
13089,1,1,13089_ndvi.tif,1,EPSG:5070,90.0,90.0,361,412,0.5879165209907754,0,-0.7779207229614258,0.9624539017677307,pass,
13095,1,1,13095_ndvi.tif,1,EPSG:5070,90.0,90.0,515,320,0.654872572815534,0,-0.13768763840198517,0.9766066670417786,pass,
13097,1,1,13097_ndvi.tif,1,EPSG:5070,90.0,90.0,337,321,0.6004880889653068,0,-0.209327831864357,0.9935933351516724,pass,
13101,1,1,13101_ndvi.tif,1,EPSG:5070,90.0,90.0,614,327,0.6753080516789688,0,-0.2294272929430008,0.9781365394592285,pass,
13103,1,1,13103_ndvi.tif,1,EPSG:5070,90.0,90.0,479,612,0.5316597759493498,0,-0.12326685339212418,0.9779862761497498,pass,
13113,1,1,13113_ndvi.tif,1,EPSG:5070,90.0,90.0,271,369,0.6457564575645757,0,-0.20398923754692078,0.9891766905784607,pass,
13115,1,1,13115_ndvi.tif,1,EPSG:5070,90.0,90.0,457,667,0.547944845957765,0,-0.1802816390991211,0.9402433633804321,pass,
13117,1,1,13117_ndvi.tif,1,EPSG:5070,90.0,90.0,343,370,0.6286187061697266,0,-0.9900000095367432,0.9675338268280029,pass,
13121,1,1,13121_ndvi.tif,1,EPSG:5070,90.0,90.0,684,905,0.2792526897353882,0,-0.25287356972694397,0.9799513816833496,pass,
13127,1,1,13127_ndvi.tif,1,EPSG:5070,90.0,90.0,520,508,0.568288158691702,0,-0.296286940574646,0.9815921187400818,pass,
13135,1,1,13135_ndvi.tif,1,EPSG:5070,90.0,90.0,489,508,0.5672391027808641,0,-0.35960453748703003,0.9648457765579224,pass,
13139,1,1,13139_ndvi.tif,1,EPSG:5070,90.0,90.0,426,526,0.6167461040004284,0,-0.9908397197723389,0.9891548752784729,pass,
13143,1,1,13143_ndvi.tif,1,EPSG:5070,90.0,90.0,368,346,0.7168415431012817,0,0.002976184943690896,0.9686365127563477,pass,
13145,1,1,13145_ndvi.tif,1,EPSG:5070,90.0,90.0,546,371,0.7512316973233415,0,-0.3554420471191406,0.9830978512763977,pass,
13149,1,1,13149_ndvi.tif,1,EPSG:5070,90.0,90.0,392,392,0.6320022907122033,0,-0.07471153885126114,0.9873668551445007,pass,
13151,1,1,13151_ndvi.tif,1,EPSG:5070,90.0,90.0,437,421,0.5736858411649283,0,-0.14646492898464203,0.9816174507141113,pass,
13153,1,1,13153_ndvi.tif,1,EPSG:5070,90.0,90.0,386,514,0.6183494284389428,0,0.06718176603317261,0.9890742897987366,pass,
13159,1,1,13159_ndvi.tif,1,EPSG:5070,90.0,90.0,356,504,0.6714207686820046,0,-0.07187667489051819,0.9832867383956909,pass,
13169,1,1,13169_ndvi.tif,1,EPSG:5070,90.0,90.0,504,437,0.5783435036867531,0,-0.45622414350509644,0.9813822507858276,pass,
13171,1,1,13171_ndvi.tif,1,EPSG:5070,90.0,90.0,247,344,0.7069838056680162,0,0.0782604068517685,0.9484264850616455,pass,
13173,1,1,13173_ndvi.tif,1,EPSG:5070,90.0,90.0,271,422,0.5648904356342141,0,-0.3842197358608246,0.9834668040275574,pass,
13177,1,1,13177_ndvi.tif,1,EPSG:5070,90.0,90.0,437,404,0.661027029476403,0,-0.022533224895596504,0.9749006032943726,pass,
13179,1,1,13179_ndvi.tif,1,EPSG:5070,90.0,90.0,793,570,0.38651799738943826,0,-0.3016405999660492,0.9902417063713074,pass,
13181,1,1,13181_ndvi.tif,1,EPSG:5070,90.0,90.0,485,403,0.4259548233608759,0,-0.3078901767730713,0.9449859857559204,pass,
13183,1,1,13183_ndvi.tif,1,EPSG:5070,90.0,90.0,527,558,0.44340046112097287,0,-0.395966112613678,0.9875503778457642,pass,
13185,1,1,13185_ndvi.tif,1,EPSG:5070,90.0,90.0,511,501,0.64290987496631,0,-0.2977134585380554,0.9807630181312561,pass,
13189,1,1,13189_ndvi.tif,1,EPSG:5070,90.0,90.0,407,416,0.5090897278397278,0,-0.0757671445608139,0.9623290300369263,pass,
13191,1,1,13191_ndvi.tif,1,EPSG:5070,90.0,90.0,513,488,0.6115345284887994,0,-0.3027711808681488,0.9991620779037476,pass,
13195,1,1,13195_ndvi.tif,1,EPSG:5070,90.0,90.0,456,359,0.5639568978155696,0,0.067947156727314,0.9711088538169861,pass,
13197,1,1,13197_ndvi.tif,1,EPSG:5070,90.0,90.0,306,538,0.7188692081541415,0,-0.4285542070865631,0.9724118709564209,pass,
13199,1,1,13199_ndvi.tif,1,EPSG:5070,90.0,90.0,411,489,0.8087710656337229,0,-0.22324101626873016,0.9869276881217957,pass,
13207,1,1,13207_ndvi.tif,1,EPSG:5070,90.0,90.0,424,468,0.6465237461699725,0,-0.049435243010520935,0.9732444286346436,pass,
13211,1,1,13211_ndvi.tif,1,EPSG:5070,90.0,90.0,435,476,0.5519704433497536,0,-0.2930680513381958,0.9888572096824646,pass,
13213,1,1,13213_ndvi.tif,1,EPSG:5070,90.0,90.0,342,508,0.6450073675001151,0,-0.22461703419685364,0.9734475016593933,pass,
13215,1,1,13215_ndvi.tif,1,EPSG:5070,90.0,90.0,433,295,0.5598387286178417,0,-0.5537974238395691,0.946961522102356,pass,
13217,1,1,13217_ndvi.tif,1,EPSG:5070,90.0,90.0,393,457,0.5027533254269185,0,-0.38867679238319397,0.9503639340400696,pass,
13219,1,1,13219_ndvi.tif,1,EPSG:5070,90.0,90.0,396,313,0.4875754348597799,0,0.08731649070978165,0.9684041738510132,pass,
13221,1,1,13221_ndvi.tif,1,EPSG:5070,90.0,90.0,506,444,0.6344852757896237,0,0.05595478042960167,0.9760552644729614,pass,
13223,1,1,13223_ndvi.tif,1,EPSG:5070,90.0,90.0,355,397,0.7185511051193813,0,-0.24491409957408905,0.9840627908706665,pass,
13225,1,1,13225_ndvi.tif,1,EPSG:5070,90.0,90.0,304,328,0.4927591463414634,0,-0.06034662202000618,0.970577597618103,pass,
13227,1,1,13227_ndvi.tif,1,EPSG:5070,90.0,90.0,425,253,0.6987677284352476,0,0.04971617832779884,0.9733014106750488,pass,
13231,1,1,13231_ndvi.tif,1,EPSG:5070,90.0,90.0,297,312,0.7648061814728482,0,-0.1293247640132904,0.9785714149475098,pass,
13245,1,1,13245_ndvi.tif,1,EPSG:5070,90.0,90.0,544,397,0.4922025485257075,0,-0.5720970630645752,0.981021523475647,pass,
13247,1,1,13247_ndvi.tif,1,EPSG:5070,90.0,90.0,266,331,0.48780183086114076,0,-0.2022199183702469,0.9622831344604492,pass,
13255,1,1,13255_ndvi.tif,1,EPSG:5070,90.0,90.0,424,240,0.6347975628930818,0,0.06195459142327309,0.9769778251647949,pass,
13259,1,1,13259_ndvi.tif,1,EPSG:5070,90.0,90.0,458,413,0.7891612125569641,0,-0.1589517593383789,0.9907214045524597,pass,
13263,1,1,13263_ndvi.tif,1,EPSG:5070,90.0,90.0,441,474,0.6089296478084905,0,-0.5372915267944336,0.9876922369003296,pass,
13273,1,1,13273_ndvi.tif,1,EPSG:5070,90.0,90.0,375,440,0.6593757575757576,0,-0.13203264772891998,0.9779003262519836,pass,
13289,1,1,13289_ndvi.tif,1,EPSG:5070,90.0,90.0,415,561,0.50313338917166,0,-0.4086279273033142,0.9857021570205688,pass,
13295,1,1,13295_ndvi.tif,1,EPSG:5070,90.0,90.0,487,520,0.5685476228084031,0,-0.11130033433437347,0.9693276286125183,pass,
13297,1,1,13297_ndvi.tif,1,EPSG:5070,90.0,90.0,478,397,0.561054140362341,0,0.06589478254318237,0.9612388610839844,pass,
13313,1,1,13313_ndvi.tif,1,EPSG:5070,90.0,90.0,331,488,0.5831125253825962,0,7.381049363175407e-05,0.9728156924247742,pass,
13321,1,1,13321_ndvi.tif,1,EPSG:5070,90.0,90.0,457,641,0.6317296893188638,0,-0.17324811220169067,0.9859170317649841,pass,
16001,1,1,16001_ndvi.tif,1,EPSG:5070,90.0,90.0,549,943,0.6581773087866303,0,-0.23578400909900665,0.930899441242218,pass,
16005,1,1,16005_ndvi.tif,1,EPSG:5070,90.0,90.0,680,1058,0.5135772267319025,0,-0.22923849523067474,0.9395313858985901,pass,
16015,1,1,16015_ndvi.tif,1,EPSG:5070,90.0,90.0,1190,825,0.6237188693659282,0,-0.42259883880615234,0.9730165004730225,pass,
16019,1,1,16019_ndvi.tif,1,EPSG:5070,90.0,90.0,1318,962,0.48108234299433084,0,-0.19938477873802185,0.9611557126045227,pass,
16023,1,1,16023_ndvi.tif,1,EPSG:5070,90.0,90.0,1058,1233,0.5506617790226859,0,-0.17110763490200043,0.9360129237174988,pass,
16027,1,1,16027_ndvi.tif,1,EPSG:5070,90.0,90.0,482,806,0.50033720128085,0,-0.24283768236637115,0.9381168484687805,pass,
16041,1,1,16041_ndvi.tif,1,EPSG:5070,90.0,90.0,575,569,0.6568258577214029,0,-0.15829968452453613,0.9315536618232727,pass,
16045,1,1,16045_ndvi.tif,1,EPSG:5070,90.0,90.0,669,841,0.3236768812130196,0,-0.11382507532835007,0.9222548007965088,pass,
16051,1,1,16051_ndvi.tif,1,EPSG:5070,90.0,90.0,950,689,0.5427117867237033,0,-0.27524086833000183,0.9416307210922241,pass,
16053,1,1,16053_ndvi.tif,1,EPSG:5070,90.0,90.0,637,519,0.5862650974129091,0,-0.1112021803855896,0.9401591420173645,pass,
16055,1,1,16055_ndvi.tif,1,EPSG:5070,90.0,90.0,724,805,0.7210854123056861,0,-0.27787894010543823,0.9733545184135437,pass,
16069,1,1,16069_ndvi.tif,1,EPSG:5070,90.0,90.0,625,902,0.4889383592017738,0,-0.2752549946308136,0.9400416016578674,pass,
16073,1,1,16073_ndvi.tif,1,EPSG:5070,90.0,90.0,1969,2421,0.5172767738861901,0,-0.6144992113113403,0.9357444047927856,pass,
16077,1,1,16077_ndvi.tif,1,EPSG:5070,90.0,90.0,770,1051,0.5727161515934114,0,-0.2392319142818451,0.9348509311676025,pass,
16083,1,1,16083_ndvi.tif,1,EPSG:5070,90.0,90.0,1056,1259,0.46557513177846777,0,-0.5261860489845276,0.9442043304443359,pass,
17003,1,1,17003_ndvi.tif,1,EPSG:5070,90.0,90.0,404,448,0.4528708451202263,0,-0.1651148796081543,0.9503541588783264,pass,
17005,1,1,17005_ndvi.tif,1,EPSG:5070,90.0,90.0,390,378,0.8355107855107855,0,-0.1408223807811737,0.9469184279441833,pass,
17007,1,1,17007_ndvi.tif,1,EPSG:5070,90.0,90.0,246,440,0.8395140428677014,0,0.020110391080379486,0.9423787593841553,pass,
17013,1,1,17013_ndvi.tif,1,EPSG:5070,90.0,90.0,492,654,0.2855255960816489,0,-0.12951228022575378,0.9619928002357483,pass,
17019,1,1,17019_ndvi.tif,1,EPSG:5070,90.0,90.0,543,687,0.8591093204232243,0,-0.04704674705862999,0.971584677696228,pass,
17027,1,1,17027_ndvi.tif,1,EPSG:5070,90.0,90.0,553,437,0.6709729745387133,0,-0.1787034571170807,0.9439563155174255,pass,
17031,1,1,17031_ndvi.tif,1,EPSG:5070,90.0,90.0,738,849,0.49136238712210445,0,-0.5743279457092285,0.9929381012916565,pass,
17037,1,1,17037_ndvi.tif,1,EPSG:5070,90.0,90.0,358,676,0.8427572642226703,0,0.06024552881717682,0.9894424080848694,pass,
17043,1,1,17043_ndvi.tif,1,EPSG:5070,90.0,90.0,347,391,0.7982119298038725,0,-0.02907314896583557,0.9374725818634033,pass,
17057,1,1,17057_ndvi.tif,1,EPSG:5070,90.0,90.0,549,678,0.7614514993740295,0,-0.058234430849552155,0.9601174592971802,pass,
17063,1,1,17063_ndvi.tif,1,EPSG:5070,90.0,90.0,362,465,0.822390542386978,0,-0.008714386261999607,0.9890050888061523,pass,
17073,1,1,17073_ndvi.tif,1,EPSG:5070,90.0,90.0,547,570,0.8503159177651625,0,0.19432184100151062,0.974310040473938,pass,
17077,1,1,17077_ndvi.tif,1,EPSG:5070,90.0,90.0,530,505,0.7236054548851112,0,-0.13977235555648804,0.947689950466156,pass,
17083,1,1,17083_ndvi.tif,1,EPSG:5070,90.0,90.0,445,431,0.634218827393832,0,-0.12733078002929688,0.9625342488288879,pass,
17087,1,1,17087_ndvi.tif,1,EPSG:5070,90.0,90.0,347,404,0.8007675407310183,0,-0.12149915099143982,0.9458028078079224,pass,
17089,1,1,17089_ndvi.tif,1,EPSG:5070,90.0,90.0,345,566,0.8629692221027295,0,-0.06955479085445404,0.9781580567359924,pass,
17091,1,1,17091_ndvi.tif,1,EPSG:5070,90.0,90.0,683,434,0.7385855300888599,0,-0.05250414088368416,0.9924178123474121,pass,
17093,1,1,17093_ndvi.tif,1,EPSG:5070,90.0,90.0,348,357,0.8348465823110853,0,0.03305285796523094,0.9593982100486755,pass,
17097,1,1,17097_ndvi.tif,1,EPSG:5070,90.0,90.0,436,450,0.7713557594291539,0,-0.2166299670934677,0.9619101285934448,pass,
17111,1,1,17111_ndvi.tif,1,EPSG:5070,90.0,90.0,495,462,0.8587738860466133,0,-0.15673507750034332,0.9760918021202087,pass,
17113,1,1,17113_ndvi.tif,1,EPSG:5070,90.0,90.0,784,640,0.7587412308673469,0,0.04440943896770477,0.9876792430877686,pass,
17115,1,1,17115_ndvi.tif,1,EPSG:5070,90.0,90.0,457,526,0.783307402384538,0,0.01812582276761532,0.9824990630149841,pass,
17117,1,1,17117_ndvi.tif,1,EPSG:5070,90.0,90.0,474,679,0.8654884634266078,0,0.12614646553993225,0.946211576461792,pass,
17119,1,1,17119_ndvi.tif,1,EPSG:5070,90.0,90.0,676,456,0.7714724125402264,0,-0.2179567813873291,0.94685959815979,pass,
17123,1,1,17123_ndvi.tif,1,EPSG:5070,90.0,90.0,566,292,0.7766227794181713,0,-0.021773947402834892,0.9427616000175476,pass,
17129,1,1,17129_ndvi.tif,1,EPSG:5070,90.0,90.0,403,343,0.7364156580746443,0,0.2205478549003601,0.9400850534439087,pass,
17131,1,1,17131_ndvi.tif,1,EPSG:5070,90.0,90.0,637,347,0.8271707707689593,0,0.09439633041620255,0.9404799938201904,pass,
17133,1,1,17133_ndvi.tif,1,EPSG:5070,90.0,90.0,466,537,0.5129274861933648,0,-0.0670401081442833,0.9416131973266602,pass,
17143,1,1,17143_ndvi.tif,1,EPSG:5070,90.0,90.0,500,599,0.6765642737896495,0,-0.16412758827209473,0.9414275288581848,pass,
17147,1,1,17147_ndvi.tif,1,EPSG:5070,90.0,90.0,296,630,0.758488845988846,0,0.1253463178873062,0.9772207736968994,pass,
17161,1,1,17161_ndvi.tif,1,EPSG:5070,90.0,90.0,819,602,0.29562224412722754,0,-0.041139375418424606,0.9413847327232361,pass,
17163,1,1,17163_ndvi.tif,1,EPSG:5070,90.0,90.0,563,553,0.6958267354876838,0,-0.12178715318441391,0.946526825428009,pass,
17167,1,1,17167_ndvi.tif,1,EPSG:5070,90.0,90.0,739,593,0.6431621054841441,0,0.024877114221453667,0.977194607257843,pass,
17175,1,1,17175_ndvi.tif,1,EPSG:5070,90.0,90.0,335,344,0.8059267615411315,0,0.18891118466854095,0.9464911818504333,pass,
17179,1,1,17179_ndvi.tif,1,EPSG:5070,90.0,90.0,627,558,0.6047315257841573,0,-0.18963344395160675,0.9448263645172119,pass,
17183,1,1,17183_ndvi.tif,1,EPSG:5070,90.0,90.0,442,793,0.8257319418212528,0,0.04402174800634384,0.9937716126441956,pass,
17197,1,1,17197_ndvi.tif,1,EPSG:5070,90.0,90.0,720,671,0.5648782911077993,0,-0.05819518119096756,0.9697800278663635,pass,
17199,1,1,17199_ndvi.tif,1,EPSG:5070,90.0,90.0,454,360,0.8741372980910426,0,-0.15738722681999207,0.9394235014915466,pass,
17201,1,1,17201_ndvi.tif,1,EPSG:5070,90.0,90.0,451,443,0.8353195557401911,0,0.03023635968565941,0.9582908749580383,pass,
17203,1,1,17203_ndvi.tif,1,EPSG:5070,90.0,90.0,592,437,0.6749992269157029,0,-0.15106350183486938,0.9531055688858032,pass,
18003,1,1,18003_ndvi.tif,1,EPSG:5070,90.0,90.0,530,495,0.8080693729750333,0,-0.1837737113237381,0.9668681621551514,pass,
18005,1,1,18005_ndvi.tif,1,EPSG:5070,90.0,90.0,406,430,0.7548115477145149,0,-0.5606656074523926,0.9892511963844299,pass,
18007,1,1,18007_ndvi.tif,1,EPSG:5070,90.0,90.0,432,359,0.8428763024863304,0,0.19184252619743347,0.9879842400550842,pass,
18011,1,1,18011_ndvi.tif,1,EPSG:5070,90.0,90.0,458,363,0.8187231585405464,0,-0.04571422189474106,0.9536189436912537,pass,
18013,1,1,18013_ndvi.tif,1,EPSG:5070,90.0,90.0,323,396,0.7970650780248304,0,0.0005771305877715349,0.9779395461082458,pass,
18015,1,1,18015_ndvi.tif,1,EPSG:5070,90.0,90.0,400,393,0.7679452926208652,0,0.10770934820175171,0.9728376269340515,pass,
18019,1,1,18019_ndvi.tif,1,EPSG:5070,90.0,90.0,544,448,0.4982520351890756,0,-0.23925398290157318,0.9683098196983337,pass,
18021,1,1,18021_ndvi.tif,1,EPSG:5070,90.0,90.0,302,558,0.6888722732559519,0,0.07087787985801697,0.9798404574394226,pass,
18029,1,1,18029_ndvi.tif,1,EPSG:5070,90.0,90.0,274,490,0.7384850290481156,0,0.05932803079485893,0.9839246273040771,pass,
18035,1,1,18035_ndvi.tif,1,EPSG:5070,90.0,90.0,382,412,0.8091800945458242,0,0.066615991294384,0.9590749740600586,pass,
18039,1,1,18039_ndvi.tif,1,EPSG:5070,90.0,90.0,417,440,0.819811423588402,0,-0.05882786586880684,0.9597905874252319,pass,
18043,1,1,18043_ndvi.tif,1,EPSG:5070,90.0,90.0,270,288,0.6228395061728395,0,0.012048534117639065,0.9659250378608704,pass,
18047,1,1,18047_ndvi.tif,1,EPSG:5070,90.0,90.0,483,367,0.710302886703787,0,0.10427960008382797,0.9589710831642151,pass,
18057,1,1,18057_ndvi.tif,1,EPSG:5070,90.0,90.0,394,401,0.8194235224122435,0,-0.16140738129615784,0.9667458534240723,pass,
18059,1,1,18059_ndvi.tif,1,EPSG:5070,90.0,90.0,354,347,0.8048486624660122,0,0.060159292072057724,0.9501168131828308,pass,
18061,1,1,18061_ndvi.tif,1,EPSG:5070,90.0,90.0,421,572,0.6505157550288192,0,-0.08695430308580399,0.9611994624137878,pass,
18063,1,1,18063_ndvi.tif,1,EPSG:5070,90.0,90.0,383,431,0.7965687907774136,0,0.039849475026130676,0.9847574830055237,pass,
18067,1,1,18067_ndvi.tif,1,EPSG:5070,90.0,90.0,497,279,0.6831887381637495,0,0.09146568179130554,0.9627649188041687,pass,
18073,1,1,18073_ndvi.tif,1,EPSG:5070,90.0,90.0,355,694,0.7330194423022284,0,0.08948828279972076,0.9908832907676697,pass,
18081,1,1,18081_ndvi.tif,1,EPSG:5070,90.0,90.0,318,398,0.8184712872538794,0,0.03199570253491402,0.9739195108413696,pass,
18089,1,1,18089_ndvi.tif,1,EPSG:5070,90.0,90.0,334,676,0.719076639620168,0,-0.39856913685798645,0.9887227416038513,pass,
18091,1,1,18091_ndvi.tif,1,EPSG:5070,90.0,90.0,426,684,0.666539686461851,0,-0.2931976020336151,0.989158034324646,pass,
18095,1,1,18095_ndvi.tif,1,EPSG:5070,90.0,90.0,326,569,0.7852383365499692,0,-0.13622379302978516,0.9580362439155579,pass,
18097,1,1,18097_ndvi.tif,1,EPSG:5070,90.0,90.0,389,404,0.8249828196187228,0,-0.26464319229125977,0.9552150964736938,pass,
18105,1,1,18105_ndvi.tif,1,EPSG:5070,90.0,90.0,393,460,0.7323874322380794,0,-0.13258126378059387,0.9787849187850952,pass,
18109,1,1,18109_ndvi.tif,1,EPSG:5070,90.0,90.0,434,400,0.7591532258064516,0,0.0292517002671957,0.9771836400032043,pass,
18111,1,1,18111_ndvi.tif,1,EPSG:5070,90.0,90.0,289,619,0.726241118893628,0,0.10295254737138748,0.9793397188186646,pass,
18115,1,1,18115_ndvi.tif,1,EPSG:5070,90.0,90.0,286,189,0.5271765271765272,0,0.13259004056453705,0.951824963092804,pass,
18119,1,1,18119_ndvi.tif,1,EPSG:5070,90.0,90.0,400,414,0.7539673913043479,0,0.07228071987628937,0.9702686071395874,pass,
18121,1,1,18121_ndvi.tif,1,EPSG:5070,90.0,90.0,434,454,0.7350737936214702,0,0.03896629437804222,0.9896005988121033,pass,
18127,1,1,18127_ndvi.tif,1,EPSG:5070,90.0,90.0,315,611,0.7026939963110176,0,-0.30696481466293335,0.9848053455352783,pass,
18129,1,1,18129_ndvi.tif,1,EPSG:5070,90.0,90.0,384,581,0.6080796399885255,0,-0.2198287397623062,0.970836877822876,pass,
18133,1,1,18133_ndvi.tif,1,EPSG:5070,90.0,90.0,376,515,0.801797149349308,0,0.08371632546186447,0.9559553861618042,pass,
18141,1,1,18141_ndvi.tif,1,EPSG:5070,90.0,90.0,462,450,0.7137806637806637,0,0.07493723928928375,0.9556702375411987,pass,
18145,1,1,18145_ndvi.tif,1,EPSG:5070,90.0,90.0,349,468,0.8129943917909533,0,-0.15377888083457947,0.9829814434051514,pass,
18153,1,1,18153_ndvi.tif,1,EPSG:5070,90.0,90.0,423,468,0.7387858398496696,0,-0.053233157843351364,0.9809016585350037,pass,
18157,1,1,18157_ndvi.tif,1,EPSG:5070,90.0,90.0,415,467,0.8342457624932277,0,0.015229722484946251,0.991755485534668,pass,
18161,1,1,18161_ndvi.tif,1,EPSG:5070,90.0,90.0,236,274,0.824570085364345,0,0.02914021722972393,0.9448081851005554,pass,
18163,1,1,18163_ndvi.tif,1,EPSG:5070,90.0,90.0,258,438,0.6775777848571732,0,-0.1277380883693695,0.9765543341636658,pass,
18165,1,1,18165_ndvi.tif,1,EPSG:5070,90.0,90.0,201,676,0.6187847743530867,0,0.055961333215236664,0.9916342496871948,pass,
18167,1,1,18167_ndvi.tif,1,EPSG:5070,90.0,90.0,374,467,0.756421120131915,0,0.004437749739736319,0.9895170331001282,pass,
18171,1,1,18171_ndvi.tif,1,EPSG:5070,90.0,90.0,418,467,0.6048584572195527,0,0.13811823725700378,0.9826445579528809,pass,
18173,1,1,18173_ndvi.tif,1,EPSG:5070,90.0,90.0,442,459,0.6213685071816559,0,-0.06037873774766922,0.9419989585876465,pass,
18175,1,1,18175_ndvi.tif,1,EPSG:5070,90.0,90.0,466,469,0.7610750661163831,0,-0.02081965282559395,0.9737147688865662,pass,
18183,1,1,18183_ndvi.tif,1,EPSG:5070,90.0,90.0,348,378,0.8272821261327008,0,0.05637557432055473,0.9533119201660156,pass,
19011,1,1,19011_ndvi.tif,1,EPSG:5070,90.0,90.0,450,560,0.9154484126984127,0,0.0998365581035614,0.9652307629585266,pass,
19013,1,1,19013_ndvi.tif,1,EPSG:5070,90.0,90.0,462,445,0.8948586993530814,0,0.01744040660560131,0.951387882232666,pass,
19015,1,1,19015_ndvi.tif,1,EPSG:5070,90.0,90.0,437,441,0.9561740790900647,0,0.12031491100788116,0.9489101767539978,pass,
19017,1,1,19017_ndvi.tif,1,EPSG:5070,90.0,90.0,440,346,0.9278967419863373,0,0.10632942616939545,0.9657493829727173,pass,
19049,1,1,19049_ndvi.tif,1,EPSG:5070,90.0,90.0,460,456,0.9060450038138825,0,0.09447943419218063,0.9666273593902588,pass,
19061,1,1,19061_ndvi.tif,1,EPSG:5070,90.0,90.0,616,483,0.6660784867306606,0,-0.019841406494379044,0.9755286574363708,pass,
19075,1,1,19075_ndvi.tif,1,EPSG:5070,90.0,90.0,460,445,0.7884123106985833,0,0.17485618591308594,0.958814263343811,pass,
19077,1,1,19077_ndvi.tif,1,EPSG:5070,90.0,90.0,470,453,0.8950589450941713,0,0.02632235921919346,0.9578857421875,pass,
19085,1,1,19085_ndvi.tif,1,EPSG:5070,90.0,90.0,591,448,0.850805233260817,0,-0.027105269953608513,0.9483404755592346,pass,
19099,1,1,19099_ndvi.tif,1,EPSG:5070,90.0,90.0,558,457,0.9228567170968526,0,-0.0934780016541481,0.9694646000862122,pass,
19103,1,1,19103_ndvi.tif,1,EPSG:5070,90.0,90.0,451,548,0.8102715781636914,0,-0.008083025924861431,0.9655677080154419,pass,
19105,1,1,19105_ndvi.tif,1,EPSG:5070,90.0,90.0,447,455,0.9115618162598028,0,0.11016800999641418,0.9563473463058472,pass,
19113,1,1,19113_ndvi.tif,1,EPSG:5070,90.0,90.0,450,560,0.9231706349206349,0,-0.050597626715898514,0.9741948843002319,pass,
19121,1,1,19121_ndvi.tif,1,EPSG:5070,90.0,90.0,427,451,0.9380040191715522,0,0.11789360642433167,0.9480195641517639,pass,
19129,1,1,19129_ndvi.tif,1,EPSG:5070,90.0,90.0,465,324,0.9401367317137926,0,-0.03801766782999039,0.9365097880363464,pass,
19153,1,1,19153_ndvi.tif,1,EPSG:5070,90.0,90.0,460,475,0.8705446224256292,0,-0.10097894072532654,0.9553279280662537,pass,
19155,1,1,19155_ndvi.tif,1,EPSG:5070,90.0,90.0,800,434,0.8873185483870968,0,-0.1528104692697525,0.9469857215881348,pass,
19163,1,1,19163_ndvi.tif,1,EPSG:5070,90.0,90.0,542,418,0.6658265506100037,0,-0.051250021904706955,0.9382462501525879,pass,
19169,1,1,19169_ndvi.tif,1,EPSG:5070,90.0,90.0,438,442,0.9519308250170458,0,0.07422835379838943,0.9735661745071411,pass,
19181,1,1,19181_ndvi.tif,1,EPSG:5070,90.0,90.0,439,441,0.9511619378199268,0,-0.0004886246169917285,0.9750824570655823,pass,
19183,1,1,19183_ndvi.tif,1,EPSG:5070,90.0,90.0,445,450,0.915980024968789,0,-0.00854321289807558,0.9629664421081543,pass,
19193,1,1,19193_ndvi.tif,1,EPSG:5070,90.0,90.0,754,437,0.855683494285246,0,-0.10479477792978287,0.9572367668151855,pass,
20015,1,1,20015_ndvi.tif,1,EPSG:5070,90.0,90.0,619,767,0.977073253955048,0,-0.27917617559432983,0.9298223257064819,pass,
20043,1,1,20043_ndvi.tif,1,EPSG:5070,90.0,90.0,457,478,0.5880721093542569,0,-0.041069548577070236,0.9679380655288696,pass,
20045,1,1,20045_ndvi.tif,1,EPSG:5070,90.0,90.0,429,413,0.8615734547937938,0,-0.18687239289283752,0.9697335958480835,pass,
20061,1,1,20061_ndvi.tif,1,EPSG:5070,90.0,90.0,442,440,0.6701254627725216,0,-0.12940770387649536,0.9596600532531738,pass,
20079,1,1,20079_ndvi.tif,1,EPSG:5070,90.0,90.0,536,334,0.9704341317365269,0,-0.04625292494893074,0.922794759273529,pass,
20085,1,1,20085_ndvi.tif,1,EPSG:5070,90.0,90.0,448,546,0.8643298665620094,0,-0.02599406987428665,0.9474323391914368,pass,
20087,1,1,20087_ndvi.tif,1,EPSG:5070,90.0,90.0,399,485,0.9244141281037646,0,-0.31067827343940735,0.9773538112640381,pass,
20091,1,1,20091_ndvi.tif,1,EPSG:5070,90.0,90.0,432,405,0.882053040695016,0,-0.24769622087478638,0.943418025970459,pass,
20103,1,1,20103_ndvi.tif,1,EPSG:5070,90.0,90.0,393,582,0.6600911133845737,0,-0.14032618701457977,0.9576766490936279,pass,
20107,1,1,20107_ndvi.tif,1,EPSG:5070,90.0,90.0,449,443,0.9790404560925458,0,-0.06123947724699974,0.9473972320556641,pass,
20121,1,1,20121_ndvi.tif,1,EPSG:5070,90.0,90.0,440,440,0.9794628099173553,0,-0.06841936707496643,0.9532945156097412,pass,
20139,1,1,20139_ndvi.tif,1,EPSG:5070,90.0,90.0,431,546,0.9816467368671545,0,-0.18193364143371582,0.940937340259552,pass,
20149,1,1,20149_ndvi.tif,1,EPSG:5070,90.0,90.0,658,551,0.7645342262479382,0,-0.3283337652683258,0.9748398661613464,pass,
20161,1,1,20161_ndvi.tif,1,EPSG:5070,90.0,90.0,545,657,0.5599039280577549,0,-0.309346079826355,0.9616004824638367,pass,
20173,1,1,20173_ndvi.tif,1,EPSG:5070,90.0,90.0,645,553,0.9079299662166898,0,-0.3223302960395813,0.9506347179412842,pass,
20177,1,1,20177_ndvi.tif,1,EPSG:5070,90.0,90.0,516,434,0.7983870967741935,0,-0.20154939591884613,0.9440527558326721,pass,
20191,1,1,20191_ndvi.tif,1,EPSG:5070,90.0,90.0,646,602,0.9774770373265586,0,-0.14742857217788696,0.9404961466789246,pass,
20197,1,1,20197_ndvi.tif,1,EPSG:5070,90.0,90.0,532,590,0.8187492035172678,0,-0.030656632035970688,0.9365108013153076,pass,
20209,1,1,20209_ndvi.tif,1,EPSG:5070,90.0,90.0,305,264,0.6275335320417288,0,-0.027667604386806488,0.92991703748703,pass,
21003,1,1,21003_ndvi.tif,1,EPSG:5070,90.0,90.0,466,377,0.647226238316959,0,0.1613120585680008,0.9473477602005005,pass,
21015,1,1,21015_ndvi.tif,1,EPSG:5070,90.0,90.0,311,449,0.5932296851166221,0,0.04470771178603172,0.9712119102478027,pass,
21017,1,1,21017_ndvi.tif,1,EPSG:5070,90.0,90.0,465,389,0.5218398429941675,0,0.13502730429172516,0.9671341776847839,pass,
21019,1,1,21019_ndvi.tif,1,EPSG:5070,90.0,90.0,252,349,0.5966366489289125,0,-0.06352593004703522,0.9436670541763306,pass,
21023,1,1,21023_ndvi.tif,1,EPSG:5070,90.0,90.0,325,341,0.6103135574103316,0,0.11333943903446198,0.9271432757377625,pass,
21029,1,1,21029_ndvi.tif,1,EPSG:5070,90.0,90.0,474,419,1.0,0,-0.004789165686815977,0.9559932947158813,pass,
21031,1,1,21031_ndvi.tif,1,EPSG:5070,90.0,90.0,522,497,1.0,0,-0.1042725145816803,0.9732865691184998,pass,
21037,1,1,21037_ndvi.tif,1,EPSG:5070,90.0,90.0,294,385,1.0,0,-0.05299854651093483,0.9731341004371643,pass,
21043,1,1,21043_ndvi.tif,1,EPSG:5070,90.0,90.0,536,402,1.0,0,0.0,0.9576130509376526,pass,
21047,1,1,21047_ndvi.tif,1,EPSG:5070,90.0,90.0,455,679,0.7530822638333684,0,-0.07737897336483002,0.9720954298973083,pass,
21049,1,1,21049_ndvi.tif,1,EPSG:5070,90.0,90.0,365,362,0.6247180806781201,0,0.05152953788638115,0.9626415967941284,pass,
21059,1,1,21059_ndvi.tif,1,EPSG:5070,90.0,90.0,573,464,1.0,0,-0.06659689545631409,0.9487382173538208,pass,
21061,1,1,21061_ndvi.tif,1,EPSG:5070,90.0,90.0,422,346,1.0,0,-0.09221037477254868,0.9800753593444824,pass,
21067,1,1,21067_ndvi.tif,1,EPSG:5070,90.0,90.0,361,457,0.5592052225461731,0,0.08968441933393478,0.9909496903419495,pass,
21077,1,1,21077_ndvi.tif,1,EPSG:5070,90.0,90.0,344,263,1.0,0,0.0,0.9689469337463379,pass,
21081,1,1,21081_ndvi.tif,1,EPSG:5070,90.0,90.0,324,406,0.6394058261874354,0,0.11980044841766357,0.9992197751998901,pass,
21089,1,1,21089_ndvi.tif,1,EPSG:5070,90.0,90.0,479,463,1.0,0,0.0,0.9745187163352966,pass,
21091,1,1,21091_ndvi.tif,1,EPSG:5070,90.0,90.0,382,409,1.0,0,-0.10588393360376358,0.9746049642562866,pass,
21093,1,1,21093_ndvi.tif,1,EPSG:5070,90.0,90.0,562,701,1.0,0,-0.06553838402032852,0.9773825407028198,pass,
21101,1,1,21101_ndvi.tif,1,EPSG:5070,90.0,90.0,647,431,1.0,0,-0.19535362720489502,0.9711697101593018,pass,
21103,1,1,21103_ndvi.tif,1,EPSG:5070,90.0,90.0,473,319,0.6228237025058487,0,0.010201897472143173,0.9984971284866333,pass,
21111,1,1,21111_ndvi.tif,1,EPSG:5070,90.0,90.0,486,506,1.0,0,-0.2731645107269287,0.9368233680725098,pass,
21113,1,1,21113_ndvi.tif,1,EPSG:5070,90.0,90.0,275,331,0.6212359241966493,0,0.06634064763784409,0.9983296394348145,pass,
21117,1,1,21117_ndvi.tif,1,EPSG:5070,90.0,90.0,236,388,1.0,0,-0.04893305525183678,0.963256299495697,pass,
21123,1,1,21123_ndvi.tif,1,EPSG:5070,90.0,90.0,417,388,1.0,0,0.0,0.9644231796264648,pass,
21149,1,1,21149_ndvi.tif,1,EPSG:5070,90.0,90.0,456,360,0.5045138888888889,0,-0.10390392690896988,0.9515555500984192,pass,
21163,1,1,21163_ndvi.tif,1,EPSG:5070,90.0,90.0,518,476,0.4250916582849356,0,-0.10483437031507492,0.9578878879547119,pass,
21185,1,1,21185_ndvi.tif,1,EPSG:5070,90.0,90.0,343,301,0.6154412405683678,0,0.1009993702173233,0.9363252520561218,pass,
21191,1,1,21191_ndvi.tif,1,EPSG:5070,90.0,90.0,352,454,0.569326942330797,0,0.1443452388048172,0.9668988585472107,pass,
21209,1,1,21209_ndvi.tif,1,EPSG:5070,90.0,90.0,346,482,0.5532163672558943,0,0.09078733623027802,0.9728631973266602,pass,
21211,1,1,21211_ndvi.tif,1,EPSG:5070,90.0,90.0,483,383,0.6714939807231781,0,0.06451728940010071,0.9590900540351868,pass,
21215,1,1,21215_ndvi.tif,1,EPSG:5070,90.0,90.0,396,255,0.6135373341255694,0,0.05414881557226181,0.964005708694458,pass,
21221,1,1,21221_ndvi.tif,1,EPSG:5070,90.0,90.0,486,469,0.679073766967631,0,-0.20977093279361725,0.9748552441596985,pass,
21227,1,1,21227_ndvi.tif,1,EPSG:5070,90.0,90.0,540,505,0.6463879721305464,0,-0.013268368318676949,0.9748198390007019,pass,
21239,1,1,21239_ndvi.tif,1,EPSG:5070,90.0,90.0,234,436,0.6116305967223399,0,0.143173947930336,0.9779794812202454,pass,
22001,1,1,22001_ndvi.tif,1,EPSG:5070,90.0,90.0,532,539,0.7384916372564063,0,-0.14868415892124176,0.9535508751869202,pass,
22005,1,1,22005_ndvi.tif,1,EPSG:5070,90.0,90.0,500,363,0.5390192837465565,0,-0.26767969131469727,0.9308910965919495,pass,
22007,1,1,22007_ndvi.tif,1,EPSG:5070,90.0,90.0,409,562,0.5190334902418015,0,-0.17644010484218597,0.9523690342903137,pass,
22015,1,1,22015_ndvi.tif,1,EPSG:5070,90.0,90.0,507,970,0.5689277943837817,0,-0.33420658111572266,0.9937887191772461,pass,
22017,1,1,22017_ndvi.tif,1,EPSG:5070,90.0,90.0,626,1026,0.47058585405651154,0,-0.4015846252441406,0.9756444692611694,pass,
22019,1,1,22019_ndvi.tif,1,EPSG:5070,90.0,90.0,948,550,0.6742328346758727,0,-0.37382158637046814,0.9869861602783203,pass,
22023,1,1,22023_ndvi.tif,1,EPSG:5070,90.0,90.0,1420,558,0.6642965318794487,0,-0.5399449467658997,0.9745534658432007,pass,
22031,1,1,22031_ndvi.tif,1,EPSG:5070,90.0,90.0,728,625,0.6319142857142858,0,-0.39991116523742676,0.9788678884506226,pass,
22033,1,1,22033_ndvi.tif,1,EPSG:5070,90.0,90.0,495,518,0.5922428922428923,0,-0.36930033564567566,0.9700178503990173,pass,
22037,1,1,22037_ndvi.tif,1,EPSG:5070,90.0,90.0,510,459,0.6274595241146568,0,-0.38862279057502747,0.9837932586669922,pass,
22043,1,1,22043_ndvi.tif,1,EPSG:5070,90.0,90.0,827,517,0.5012688307344717,0,-0.3779839277267456,0.9793657660484314,pass,
22045,1,1,22045_ndvi.tif,1,EPSG:5070,90.0,90.0,844,804,0.2957561128009243,0,-0.4129258692264557,0.9693752527236938,pass,
22047,1,1,22047_ndvi.tif,1,EPSG:5070,90.0,90.0,737,569,0.5012578901307491,0,-0.36765289306640625,0.9776028394699097,pass,
22051,1,1,22051_ndvi.tif,1,EPSG:5070,90.0,90.0,459,1254,0.28746703359706455,0,-0.5426878929138184,0.9710769653320312,pass,
22055,1,1,22055_ndvi.tif,1,EPSG:5070,90.0,90.0,406,422,0.5084222445310859,0,-0.23220433294773102,0.9700843691825867,pass,
22057,1,1,22057_ndvi.tif,1,EPSG:5070,90.0,90.0,1100,1027,0.3536593785960875,0,-0.2427663952112198,0.9703805446624756,pass,
22063,1,1,22063_ndvi.tif,1,EPSG:5070,90.0,90.0,564,594,0.6643563292499463,0,-0.450838565826416,0.9693228602409363,pass,
22067,1,1,22067_ndvi.tif,1,EPSG:5070,90.0,90.0,672,643,0.6004730430274754,0,-0.20302169024944305,0.9641672372817993,pass,
22071,1,1,22071_ndvi.tif,1,EPSG:5070,90.0,90.0,534,411,0.5128716841174809,0,-0.35071852803230286,0.9161179661750793,pass,
22073,1,1,22073_ndvi.tif,1,EPSG:5070,90.0,90.0,535,579,0.6561877552338062,0,-0.2413530796766281,0.9619702696800232,pass,
22075,1,1,22075_ndvi.tif,1,EPSG:5070,90.0,90.0,1203,1160,0.27594089488921375,0,-0.9996837377548218,0.9579216837882996,pass,
22077,1,1,22077_ndvi.tif,1,EPSG:5070,90.0,90.0,557,658,0.5194703497350658,0,-0.36849409341812134,0.9802734851837158,pass,
22079,1,1,22079_ndvi.tif,1,EPSG:5070,90.0,90.0,958,778,0.5870695160762299,0,-0.46944189071655273,0.9851891994476318,pass,
22087,1,1,22087_ndvi.tif,1,EPSG:5070,90.0,90.0,1283,673,0.2332305297645864,0,-0.42602330446243286,0.9093374013900757,pass,
22089,1,1,22089_ndvi.tif,1,EPSG:5070,90.0,90.0,424,585,0.5159046927914852,0,-0.37487179040908813,0.9278201460838318,pass,
22091,1,1,22091_ndvi.tif,1,EPSG:5070,90.0,90.0,367,453,0.7938538715556598,0,-0.5643977522850037,0.9713337421417236,pass,
22093,1,1,22093_ndvi.tif,1,EPSG:5070,90.0,90.0,342,344,0.6940959472324222,0,-0.3465064465999603,0.948229968547821,pass,
22095,1,1,22095_ndvi.tif,1,EPSG:5070,90.0,90.0,560,531,0.44490852838310463,0,-0.42767298221588135,0.9372419118881226,pass,
22099,1,1,22099_ndvi.tif,1,EPSG:5070,90.0,90.0,998,954,0.27697323367909826,0,-0.463238000869751,0.9998176693916321,pass,
22103,1,1,22103_ndvi.tif,1,EPSG:5070,90.0,90.0,817,676,0.6317364727354371,0,-0.510586142539978,0.9664759635925293,pass,
22105,1,1,22105_ndvi.tif,1,EPSG:5070,90.0,90.0,488,933,0.5960413262347793,0,-0.6134575009346008,0.9710854291915894,pass,
22109,1,1,22109_ndvi.tif,1,EPSG:5070,90.0,90.0,1040,905,0.508173608159796,0,-0.36516210436820984,0.9619765281677246,pass,
22111,1,1,22111_ndvi.tif,1,EPSG:5070,90.0,90.0,709,542,0.7567568270887223,0,-0.1748080849647522,0.986110508441925,pass,
22113,1,1,22113_ndvi.tif,1,EPSG:5070,90.0,90.0,830,764,0.6564262284741058,0,-0.2870524823665619,0.9887364506721497,pass,
22121,1,1,22121_ndvi.tif,1,EPSG:5070,90.0,90.0,376,415,0.423878492694181,0,-0.3641100823879242,0.9725890755653381,pass,
22125,1,1,22125_ndvi.tif,1,EPSG:5070,90.0,90.0,609,465,0.4864311315924219,0,-0.475761741399765,0.990950882434845,pass,
23001,1,1,23001_ndvi.tif,1,EPSG:5070,90.0,90.0,415,690,0.5593783830976078,0,0.10780081152915955,0.9843239188194275,pass,
23005,1,1,23005_ndvi.tif,1,EPSG:5070,90.0,90.0,941,698,0.468463105456915,0,-0.15932032465934753,0.9786079525947571,pass,
23019,1,1,23019_ndvi.tif,1,EPSG:5070,90.0,90.0,1128,2243,0.4513782832642453,0,0.01779884099960327,0.9920080900192261,pass,
23023,1,1,23023_ndvi.tif,1,EPSG:5070,90.0,90.0,359,559,0.48069822255220973,0,-0.14795410633087158,0.926986038684845,pass,
23031,1,1,23031_ndvi.tif,1,EPSG:5070,90.0,90.0,680,970,0.4994011522134627,0,-0.20925995707511902,0.9783350825309753,pass,
24001,1,1,24001_ndvi.tif,1,EPSG:5070,90.0,90.0,655,455,0.46446103514805803,0,0.10053309053182602,0.9761874079704285,pass,
24003,1,1,24003_ndvi.tif,1,EPSG:5070,90.0,90.0,440,631,0.5229073620515776,0,-0.1860000640153885,0.9773447513580322,pass,
24005,1,1,24005_ndvi.tif,1,EPSG:5070,90.0,90.0,568,646,0.546428727161732,0,-0.2073686420917511,0.9932011961936951,pass,
24009,1,1,24009_ndvi.tif,1,EPSG:5070,90.0,90.0,385,518,0.38589981447124305,0,-0.2378218024969101,0.9345788359642029,pass,
24013,1,1,24013_ndvi.tif,1,EPSG:5070,90.0,90.0,477,523,0.5856031362362759,0,0.0861426591873169,0.9824185371398926,pass,
24015,1,1,24015_ndvi.tif,1,EPSG:5070,90.0,90.0,522,472,0.49376988765504254,0,-0.3796286880970001,0.9390411376953125,pass,
24017,1,1,24017_ndvi.tif,1,EPSG:5070,90.0,90.0,566,505,0.5468670188573628,0,-0.2756357192993164,0.9684778451919556,pass,
24021,1,1,24021_ndvi.tif,1,EPSG:5070,90.0,90.0,492,656,0.6656906851080706,0,0.09586039185523987,0.9383715391159058,pass,
24025,1,1,24025_ndvi.tif,1,EPSG:5070,90.0,90.0,541,553,0.4871596033064481,0,-0.25518831610679626,0.9429510831832886,pass,
24027,1,1,24027_ndvi.tif,1,EPSG:5070,90.0,90.0,488,297,0.5654081801622786,0,0.09301573783159256,0.9439042806625366,pass,
24031,1,1,24031_ndvi.tif,1,EPSG:5070,90.0,90.0,600,503,0.5411332007952286,0,-0.027583235874772072,0.9652493000030518,pass,
24033,1,1,24033_ndvi.tif,1,EPSG:5070,90.0,90.0,429,688,0.5453867837588768,0,-0.1735709011554718,0.9382261037826538,pass,
24035,1,1,24035_ndvi.tif,1,EPSG:5070,90.0,90.0,521,623,0.3938314699167855,0,-0.3019232451915741,0.9359065890312195,pass,
24037,1,1,24037_ndvi.tif,1,EPSG:5070,90.0,90.0,609,501,0.42590352955828903,0,-0.3339043855667114,0.9338746666908264,pass,
24039,1,1,24039_ndvi.tif,1,EPSG:5070,90.0,90.0,487,517,0.4514316126444223,0,-0.5474674701690674,0.9512248039245605,pass,
24043,1,1,24043_ndvi.tif,1,EPSG:5070,90.0,90.0,817,534,0.34694162896135033,0,0.06716850399971008,0.9512288570404053,pass,
24045,1,1,24045_ndvi.tif,1,EPSG:5070,90.0,90.0,553,445,0.5044517138387142,0,-0.23174624145030975,0.9757155776023865,pass,
24047,1,1,24047_ndvi.tif,1,EPSG:5070,90.0,90.0,489,677,0.5687065213122974,0,-0.9451263546943665,0.9787464141845703,pass,
24510,1,1,24510_ndvi.tif,1,EPSG:5070,90.0,90.0,208,218,0.6203687367678193,0,-0.10295871645212173,0.9161092638969421,pass,
25001,1,1,25001_ndvi.tif,1,EPSG:5070,90.0,90.0,647,798,0.27718252354224043,0,-0.7867556214332581,0.9285831451416016,pass,
25003,1,1,25003_ndvi.tif,1,EPSG:5070,90.0,90.0,418,938,0.7756220605788555,0,0.059694141149520874,0.9765257835388184,pass,
25005,1,1,25005_ndvi.tif,1,EPSG:5070,90.0,90.0,627,729,0.4162810693025118,0,-0.43200939893722534,0.9473221898078918,pass,
25009,1,1,25009_ndvi.tif,1,EPSG:5070,90.0,90.0,629,574,0.47542972363632335,0,-0.755548894405365,0.9628374576568604,pass,
25011,1,1,25011_ndvi.tif,1,EPSG:5070,90.0,90.0,753,521,0.5945992103244093,0,-0.16240333020687103,0.9961190223693848,pass,
25013,1,1,25013_ndvi.tif,1,EPSG:5070,90.0,90.0,865,433,0.5463108571733704,0,0.04789378494024277,0.9897937178611755,pass,
25015,1,1,25015_ndvi.tif,1,EPSG:5070,90.0,90.0,798,391,0.5645475581536963,0,0.08119884878396988,0.9879190921783447,pass,
25017,1,1,25017_ndvi.tif,1,EPSG:5070,90.0,90.0,857,749,0.4254603181527139,0,0.01200319454073906,0.9668088555335999,pass,
25021,1,1,25021_ndvi.tif,1,EPSG:5070,90.0,90.0,597,503,0.44360969859236543,0,-0.8483447432518005,0.9658634066581726,pass,
25023,1,1,25023_ndvi.tif,1,EPSG:5070,90.0,90.0,573,855,0.46313340069195674,0,-0.9444827437400818,0.9553278684616089,pass,
25025,1,1,25025_ndvi.tif,1,EPSG:5070,90.0,90.0,231,299,0.3057666970710449,0,-0.3491055965423584,0.9419330954551697,pass,
25027,1,1,25027_ndvi.tif,1,EPSG:5070,90.0,90.0,911,874,0.6370586299663156,0,0.055171482264995575,0.9876561164855957,pass,
26017,1,1,26017_ndvi.tif,1,EPSG:5070,90.0,90.0,496,612,0.4763006008855155,0,-0.3428420424461365,0.9418090581893921,pass,
26021,1,1,26021_ndvi.tif,1,EPSG:5070,90.0,90.0,547,653,0.5228911142777953,0,-0.2886170744895935,0.9587693214416504,pass,
26025,1,1,26025_ndvi.tif,1,EPSG:5070,90.0,90.0,585,494,0.7984878369493754,0,-0.10480260848999023,0.9894758462905884,pass,
26027,1,1,26027_ndvi.tif,1,EPSG:5070,90.0,90.0,457,428,0.835661260966482,0,-0.24298255145549774,0.9552129507064819,pass,
26037,1,1,26037_ndvi.tif,1,EPSG:5070,90.0,90.0,477,480,0.8064727463312369,0,-0.10385006666183472,0.980725884437561,pass,
26045,1,1,26045_ndvi.tif,1,EPSG:5070,90.0,90.0,478,481,0.8098322010455902,0,0.04383191093802452,0.9738253355026245,pass,
26049,1,1,26049_ndvi.tif,1,EPSG:5070,90.0,90.0,483,599,0.7215303628891493,0,-0.16395048797130585,0.9492060542106628,pass,
26065,1,1,26065_ndvi.tif,1,EPSG:5070,90.0,90.0,469,487,0.7890351702911083,0,0.0858340859413147,0.9443369507789612,pass,
26067,1,1,26067_ndvi.tif,1,EPSG:5070,90.0,90.0,477,480,0.8140635918937805,0,0.03821354731917381,0.9895822405815125,pass,
26075,1,1,26075_ndvi.tif,1,EPSG:5070,90.0,90.0,584,502,0.7926547235714676,0,-0.357913613319397,0.9447414875030518,pass,
26077,1,1,26077_ndvi.tif,1,EPSG:5070,90.0,90.0,475,481,0.8161636940584309,0,-0.2338666170835495,0.9856662154197693,pass,
26081,1,1,26081_ndvi.tif,1,EPSG:5070,90.0,90.0,502,696,0.8012948207171314,0,-0.09229490160942078,0.9518755078315735,pass,
26087,1,1,26087_ndvi.tif,1,EPSG:5070,90.0,90.0,483,590,0.7474751728252097,0,0.07719049602746964,0.9554753303527832,pass,
26093,1,1,26093_ndvi.tif,1,EPSG:5070,90.0,90.0,499,495,0.7617457136495213,0,-0.206080824136734,0.9499256014823914,pass,
26099,1,1,26099_ndvi.tif,1,EPSG:5070,90.0,90.0,391,598,0.6665868324936489,0,-0.1917797476053238,0.9514933824539185,pass,
26111,1,1,26111_ndvi.tif,1,EPSG:5070,90.0,90.0,437,492,0.7895062417443396,0,-0.06529556959867477,0.9767079949378967,pass,
26115,1,1,26115_ndvi.tif,1,EPSG:5070,90.0,90.0,548,514,0.6393855264279019,0,-0.7105219960212708,0.9810447692871094,pass,
26117,1,1,26117_ndvi.tif,1,EPSG:5070,90.0,90.0,697,477,0.6967025497114017,0,-0.07857517153024673,0.9857240915298462,pass,
26121,1,1,26121_ndvi.tif,1,EPSG:5070,90.0,90.0,633,453,0.5917474864777209,0,-0.32837849855422974,0.9855398535728455,pass,
26125,1,1,26125_ndvi.tif,1,EPSG:5070,90.0,90.0,615,632,0.7493722342286714,0,-0.33568692207336426,0.9478535056114197,pass,
26139,1,1,26139_ndvi.tif,1,EPSG:5070,90.0,90.0,486,581,0.6570727353859884,0,-0.28537431359291077,0.9863438010215759,pass,
26145,1,1,26145_ndvi.tif,1,EPSG:5070,90.0,90.0,641,577,0.708830710247474,0,-0.1709529012441635,0.9613894820213318,pass,
26147,1,1,26147_ndvi.tif,1,EPSG:5070,90.0,90.0,551,818,0.5333911669824591,0,-0.6245072484016418,0.9968321919441223,pass,
26155,1,1,26155_ndvi.tif,1,EPSG:5070,90.0,90.0,454,489,0.7832445969928741,0,0.001683348324149847,0.9395158290863037,pass,
26161,1,1,26161_ndvi.tif,1,EPSG:5070,90.0,90.0,589,516,0.7635461496953185,0,-0.1833469569683075,0.9558154344558716,pass,
26163,1,1,26163_ndvi.tif,1,EPSG:5070,90.0,90.0,612,555,0.5984072307601719,0,-0.15598508715629578,0.95455002784729,pass,
27003,1,1,27003_ndvi.tif,1,EPSG:5070,90.0,90.0,438,473,0.6929392684410206,0,0.033919718116521835,0.9714887738227844,pass,
27009,1,1,27009_ndvi.tif,1,EPSG:5070,90.0,90.0,521,332,0.7685290104756839,0,0.0984380692243576,0.9355760812759399,pass,
27013,1,1,27013_ndvi.tif,1,EPSG:5070,90.0,90.0,547,516,0.8720186216572424,0,-0.16956767439842224,0.9500593543052673,pass,
27017,1,1,27017_ndvi.tif,1,EPSG:5070,90.0,90.0,672,448,0.933019106079932,0,0.18333515524864197,0.9796031713485718,pass,
27019,1,1,27019_ndvi.tif,1,EPSG:5070,90.0,90.0,437,425,0.6521846816529816,0,0.06588607281446457,0.948520839214325,pass,
27025,1,1,27025_ndvi.tif,1,EPSG:5070,90.0,90.0,443,540,0.5956023743834128,0,0.0917530208826065,0.969358503818512,pass,
27027,1,1,27027_ndvi.tif,1,EPSG:5070,90.0,90.0,566,644,0.928324517700766,0,-0.005790472961962223,0.9393385052680969,pass,
27037,1,1,27037_ndvi.tif,1,EPSG:5070,90.0,90.0,532,564,0.6292493201087825,0,-0.1759989708662033,0.9479976892471313,pass,
27039,1,1,27039_ndvi.tif,1,EPSG:5070,90.0,90.0,341,442,0.9379055479624739,0,0.03009217604994774,0.9494932293891907,pass,
27045,1,1,27045_ndvi.tif,1,EPSG:5070,90.0,90.0,659,457,0.9188114077758556,0,-0.1463165134191513,0.9691711664199829,pass,
27053,1,1,27053_ndvi.tif,1,EPSG:5070,90.0,90.0,522,568,0.6584844314931736,0,-0.13462793827056885,0.9723682999610901,pass,
27055,1,1,27055_ndvi.tif,1,EPSG:5070,90.0,90.0,478,449,0.8516880841665813,0,0.07683008164167404,0.949748158454895,pass,
27059,1,1,27059_ndvi.tif,1,EPSG:5070,90.0,90.0,441,400,0.8233163265306123,0,0.0978551134467125,0.9757437705993652,pass,
27075,1,1,27075_ndvi.tif,1,EPSG:5070,90.0,90.0,694,1564,0.6763581889340124,0,-0.3985236585140228,0.9868602156639099,pass,
27079,1,1,27079_ndvi.tif,1,EPSG:5070,90.0,90.0,445,437,0.78431594374309,0,-0.1582736223936081,0.960810661315918,pass,
27095,1,1,27095_ndvi.tif,1,EPSG:5070,90.0,90.0,335,855,0.7651147769922318,0,0.00759270740672946,0.9473732709884644,pass,
27103,1,1,27103_ndvi.tif,1,EPSG:5070,90.0,90.0,757,378,0.5271609597897576,0,-0.07915350049734116,0.9316920042037964,pass,
27109,1,1,27109_ndvi.tif,1,EPSG:5070,90.0,90.0,549,459,0.8346171093412066,0,-0.20566828548908234,0.9763827323913574,pass,
27119,1,1,27119_ndvi.tif,1,EPSG:5070,90.0,90.0,1333,833,0.577642609932195,0,0.008536168374121189,0.9817965626716614,pass,
27123,1,1,27123_ndvi.tif,1,EPSG:5070,90.0,90.0,223,298,0.8263460438799771,0,-0.24747724831104279,0.9333221316337585,pass,
27137,1,1,27137_ndvi.tif,1,EPSG:5070,90.0,90.0,1163,2410,0.7706361070774895,0,-0.5957959294319153,0.9967828392982483,pass,
27139,1,1,27139_ndvi.tif,1,EPSG:5070,90.0,90.0,558,345,0.6175627240143369,0,0.001097066793590784,0.9571290016174316,pass,
27141,1,1,27141_ndvi.tif,1,EPSG:5070,90.0,90.0,567,388,0.6600483645157185,0,0.02250484935939312,0.9534990191459656,pass,
27145,1,1,27145_ndvi.tif,1,EPSG:5070,90.0,90.0,953,611,0.7662133361269349,0,-0.016948696225881577,0.9615070819854736,pass,
27157,1,1,27157_ndvi.tif,1,EPSG:5070,90.0,90.0,621,433,0.6573655692041072,0,-0.47813114523887634,0.9634445309638977,pass,
27163,1,1,27163_ndvi.tif,1,EPSG:5070,90.0,90.0,253,683,0.7899872105741352,0,-0.14565517008304596,0.9396558403968811,pass,
27171,1,1,27171_ndvi.tif,1,EPSG:5070,90.0,90.0,653,553,0.636309258423357,0,-0.05269726738333702,0.9325274229049683,pass,
28029,1,1,28029_ndvi.tif,1,EPSG:5070,90.0,90.0,661,466,0.8131910942582768,0,-0.33751311898231506,0.9582935571670532,pass,
28031,1,1,28031_ndvi.tif,1,EPSG:5070,90.0,90.0,402,463,0.7174387243050406,0,0.08671345561742783,0.9899574518203735,pass,
28033,1,1,28033_ndvi.tif,1,EPSG:5070,90.0,90.0,606,377,0.6991490926280957,0,-0.2839644253253937,0.955034077167511,pass,
28035,1,1,28035_ndvi.tif,1,EPSG:5070,90.0,90.0,377,662,0.6064253487943456,0,-0.526327908039093,0.9574611783027649,pass,
28045,1,1,28045_ndvi.tif,1,EPSG:5070,90.0,90.0,403,593,0.6511576330974688,0,-0.365136057138443,0.9324839115142822,pass,
28047,1,1,28047_ndvi.tif,1,EPSG:5070,90.0,90.0,582,589,0.5530545685797467,0,-0.3089962899684906,0.9553056359291077,pass,
28049,1,1,28049_ndvi.tif,1,EPSG:5070,90.0,90.0,680,667,0.6226342710997442,0,-0.10863760858774185,0.9688254594802856,pass,
28051,1,1,28051_ndvi.tif,1,EPSG:5070,90.0,90.0,694,592,0.5991826660954903,0,-0.2151363044977188,0.9447476267814636,pass,
28059,1,1,28059_ndvi.tif,1,EPSG:5070,90.0,90.0,557,668,0.6452928971500446,0,-0.2658916413784027,0.9924774169921875,pass,
28073,1,1,28073_ndvi.tif,1,EPSG:5070,90.0,90.0,358,559,0.8035798163120497,0,-0.057454925030469894,0.9776176810264587,pass,
28089,1,1,28089_ndvi.tif,1,EPSG:5070,90.0,90.0,743,634,0.5072941566078351,0,-0.2133764922618866,0.9625069499015808,pass,
28093,1,1,28093_ndvi.tif,1,EPSG:5070,90.0,90.0,525,612,0.710385932150638,0,-0.3122047781944275,0.962577760219574,pass,
28111,1,1,28111_ndvi.tif,1,EPSG:5070,90.0,90.0,376,670,0.8293744045728803,0,-0.33458611369132996,0.9678612947463989,pass,
28121,1,1,28121_ndvi.tif,1,EPSG:5070,90.0,90.0,555,701,0.6666666666666666,0,-0.43574199080467224,0.9858312606811523,pass,
28127,1,1,28127_ndvi.tif,1,EPSG:5070,90.0,90.0,642,395,0.7492054103079775,0,-0.07919656485319138,0.9685761332511902,pass,
28131,1,1,28131_ndvi.tif,1,EPSG:5070,90.0,90.0,505,360,0.7927832783278328,0,-0.023953210562467575,0.9755811095237732,pass,
28137,1,1,28137_ndvi.tif,1,EPSG:5070,90.0,90.0,586,302,0.7492032637931424,0,-0.1922903060913086,0.9424194693565369,pass,
28143,1,1,28143_ndvi.tif,1,EPSG:5070,90.0,90.0,407,578,0.653966486146417,0,-0.1362849622964859,0.9462936520576477,pass,
28163,1,1,28163_ndvi.tif,1,EPSG:5070,90.0,90.0,817,655,0.5617909499472096,0,-0.14290988445281982,0.9508551359176636,pass,
29003,1,1,29003_ndvi.tif,1,EPSG:5070,90.0,90.0,435,385,0.8384952978056426,0,-0.08203787356615067,0.978122889995575,pass,
29013,1,1,29013_ndvi.tif,1,EPSG:5070,90.0,90.0,549,558,0.8931063974251,0,-0.13724224269390106,0.959524929523468,pass,
29017,1,1,29017_ndvi.tif,1,EPSG:5070,90.0,90.0,358,710,0.785754189944134,0,-0.030751746147871017,0.9401317238807678,pass,
29019,1,1,29019_ndvi.tif,1,EPSG:5070,90.0,90.0,434,749,0.6840733881734786,0,0.08066859096288681,0.9873206615447998,pass,
29021,1,1,29021_ndvi.tif,1,EPSG:5070,90.0,90.0,486,363,0.7581936083619585,0,-0.03980330005288124,0.9551006555557251,pass,
29025,1,1,29025_ndvi.tif,1,EPSG:5070,90.0,90.0,430,331,0.9708775381156467,0,0.08653915673494339,0.9431102871894836,pass,
29027,1,1,29027_ndvi.tif,1,EPSG:5070,90.0,90.0,555,643,0.7630532554327266,0,0.016917603090405464,0.9536183476448059,pass,
29031,1,1,29031_ndvi.tif,1,EPSG:5070,90.0,90.0,445,610,0.6952808988764045,0,-0.14872786402702332,0.9472677111625671,pass,
29037,1,1,29037_ndvi.tif,1,EPSG:5070,90.0,90.0,530,495,0.8603468648751668,0,-0.22784854471683502,0.9606533646583557,pass,
29043,1,1,29043_ndvi.tif,1,EPSG:5070,90.0,90.0,697,349,0.7451583330935282,0,0.060633037239313126,0.9547078013420105,pass,
29047,1,1,29047_ndvi.tif,1,EPSG:5070,90.0,90.0,376,437,0.8009761916354253,0,-0.06223953515291214,0.9445406794548035,pass,
29049,1,1,29049_ndvi.tif,1,EPSG:5070,90.0,90.0,378,369,0.9759037008359501,0,-0.00909583643078804,0.9445324540138245,pass,
29051,1,1,29051_ndvi.tif,1,EPSG:5070,90.0,90.0,466,514,0.5372948013560228,0,0.08222373574972153,0.9542004466056824,pass,
29053,1,1,29053_ndvi.tif,1,EPSG:5070,90.0,90.0,528,473,0.7325261067332949,0,-0.004236503969877958,0.9844133853912354,pass,
29059,1,1,29059_ndvi.tif,1,EPSG:5070,90.0,90.0,339,609,0.8454403224009571,0,0.0891430601477623,0.9496331810951233,pass,
29063,1,1,29063_ndvi.tif,1,EPSG:5070,90.0,90.0,383,369,0.9685622704791017,0,0.07745906710624695,0.9426257014274597,pass,
29071,1,1,29071_ndvi.tif,1,EPSG:5070,90.0,90.0,624,631,0.7593715713763257,0,0.0022467351518571377,0.9820616841316223,pass,
29077,1,1,29077_ndvi.tif,1,EPSG:5070,90.0,90.0,555,411,0.9539247276473554,0,-0.01872272416949272,0.954710841178894,pass,
29089,1,1,29089_ndvi.tif,1,EPSG:5070,90.0,90.0,484,464,0.6756510045597036,0,0.03791879490017891,0.9644812345504761,pass,
29095,1,1,29095_ndvi.tif,1,EPSG:5070,90.0,90.0,479,502,0.824264528524732,0,-0.13674713671207428,0.9493475556373596,pass,
29097,1,1,29097_ndvi.tif,1,EPSG:5070,90.0,90.0,554,385,0.9656336443340053,0,-0.2474096566438675,0.9528397917747498,pass,
29099,1,1,29099_ndvi.tif,1,EPSG:5070,90.0,90.0,518,629,0.6559685963501544,0,-0.1963469237089157,0.9649127721786499,pass,
29107,1,1,29107_ndvi.tif,1,EPSG:5070,90.0,90.0,597,487,0.7068986272911443,0,-0.006187846418470144,0.9628972411155701,pass,
29113,1,1,29113_ndvi.tif,1,EPSG:5070,90.0,90.0,582,458,0.7728995032938669,0,0.039244644343853,0.9566563367843628,pass,
29135,1,1,29135_ndvi.tif,1,EPSG:5070,90.0,90.0,436,617,0.5018177627763817,0,0.17657779157161713,0.9848511219024658,pass,
29145,1,1,29145_ndvi.tif,1,EPSG:5070,90.0,90.0,548,378,0.971816707218167,0,-0.03756701946258545,0.9502250552177429,pass,
29151,1,1,29151_ndvi.tif,1,EPSG:5070,90.0,90.0,533,538,0.6880566618076819,0,0.036788299679756165,0.9629843831062317,pass,
29165,1,1,29165_ndvi.tif,1,EPSG:5070,90.0,90.0,483,471,0.6040757298026752,0,-0.021097231656312943,0.9649765491485596,pass,
29167,1,1,29167_ndvi.tif,1,EPSG:5070,90.0,90.0,450,503,0.9120742213386348,0,0.00047354327398352325,0.9388138055801392,pass,
29177,1,1,29177_ndvi.tif,1,EPSG:5070,90.0,90.0,437,494,0.8554090736434468,0,0.02129455842077732,0.9829801917076111,pass,
29183,1,1,29183_ndvi.tif,1,EPSG:5070,90.0,90.0,814,565,0.4155878324019917,0,-0.04593967646360397,0.9565539956092834,pass,
29189,1,1,29189_ndvi.tif,1,EPSG:5070,90.0,90.0,576,628,0.46674573159943383,0,-0.14733248949050903,0.9736907482147217,pass,
29219,1,1,29219_ndvi.tif,1,EPSG:5070,90.0,90.0,452,543,0.5745245196303721,0,0.05497528985142708,0.9588644504547119,pass,
29225,1,1,29225_ndvi.tif,1,EPSG:5070,90.0,90.0,394,520,0.9312377977352596,0,-0.23163294792175293,0.9689716696739197,pass,
29510,1,1,29510_ndvi.tif,1,EPSG:5070,90.0,90.0,135,307,0.5217758475087465,0,-0.13522769510746002,0.8975471258163452,pass,
30009,1,1,30009_ndvi.tif,1,EPSG:5070,90.0,90.0,1509,844,0.5196161106033624,0,-0.3801805377006531,0.9418540596961975,pass,
30013,1,1,30013_ndvi.tif,1,EPSG:5070,90.0,90.0,1223,1203,0.5914506456671078,0,-0.3707353174686432,0.9330100417137146,pass,
30063,1,1,30063_ndvi.tif,1,EPSG:5070,90.0,90.0,1248,1182,0.5698742353247429,0,-0.3420760929584503,0.9588236808776855,pass,
30095,1,1,30095_ndvi.tif,1,EPSG:5070,90.0,90.0,1147,1147,0.44075481393027865,0,-0.4766967296600342,0.9342443346977234,pass,
30111,1,1,30111_ndvi.tif,1,EPSG:5070,90.0,90.0,1311,1209,0.5362016001271925,0,-0.3708111345767975,0.9433633089065552,pass,
31025,1,1,31025_ndvi.tif,1,EPSG:5070,90.0,90.0,609,352,0.8487040976265114,0,-0.01876549795269966,0.9828832149505615,pass,
31043,1,1,31043_ndvi.tif,1,EPSG:5070,90.0,90.0,338,311,0.8200974143343671,0,-0.08561842888593674,0.9439496994018555,pass,
31051,1,1,31051_ndvi.tif,1,EPSG:5070,90.0,90.0,355,621,0.7045655575967884,0,-0.137472465634346,0.9343681335449219,pass,
31055,1,1,31055_ndvi.tif,1,EPSG:5070,90.0,90.0,554,255,0.7751044099950449,0,-0.23556865751743317,0.9475283026695251,pass,
31079,1,1,31079_ndvi.tif,1,EPSG:5070,90.0,90.0,420,445,0.9491385767790262,0,0.1050393283367157,0.94109046459198,pass,
31093,1,1,31093_ndvi.tif,1,EPSG:5070,90.0,90.0,439,444,0.9486394139013729,0,-0.08935683220624924,0.9341087341308594,pass,
31109,1,1,31109_ndvi.tif,1,EPSG:5070,90.0,90.0,423,655,0.9804414126648981,0,-0.07699994742870331,0.9448285698890686,pass,
31121,1,1,31121_ndvi.tif,1,EPSG:5070,90.0,90.0,648,654,0.3782256389927134,0,0.11147066950798035,0.9420720934867859,pass,
31153,1,1,31153_ndvi.tif,1,EPSG:5070,90.0,90.0,462,245,0.7067938863857232,0,0.009350224398076534,0.9310269355773926,pass,
31155,1,1,31155_ndvi.tif,1,EPSG:5070,90.0,90.0,555,549,0.8010666404109027,0,-0.13509531319141388,0.9474495649337769,pass,
31159,1,1,31159_ndvi.tif,1,EPSG:5070,90.0,90.0,431,440,0.9754376713773466,0,0.062426742166280746,0.9338230490684509,pass,
31177,1,1,31177_ndvi.tif,1,EPSG:5070,90.0,90.0,483,364,0.7201783723522854,0,-0.037418022751808167,0.9377666711807251,pass,
32003,1,1,32003_ndvi.tif,1,EPSG:5070,90.0,90.0,1955,2497,0.5289432741284427,0,-0.6359192132949829,0.8787089586257935,pass,
32029,1,1,32029_ndvi.tif,1,EPSG:5070,90.0,90.0,513,358,0.4662463109978547,0,-0.2135113626718521,0.8419584035873413,pass,
32031,1,1,32031_ndvi.tif,1,EPSG:5070,90.0,90.0,1483,3438,0.41118462214973106,0,-0.996602475643158,0.9462826251983643,pass,
32510,1,1,32510_ndvi.tif,1,EPSG:5070,90.0,90.0,434,240,0.48939132104454686,0,-0.5911878943443298,0.9961190223693848,pass,
33011,1,1,33011_ndvi.tif,1,EPSG:5070,90.0,90.0,829,600,0.5769260152794532,0,0.06760641932487488,0.9388457536697388,pass,
33015,1,1,33015_ndvi.tif,1,EPSG:5070,90.0,90.0,718,639,0.5097166097793819,0,-0.6007304787635803,0.9805306196212769,pass,
33017,1,1,33017_ndvi.tif,1,EPSG:5070,90.0,90.0,448,577,0.4781427952463481,0,0.028428228572010994,0.9691756963729858,pass,
34001,1,1,34001_ndvi.tif,1,EPSG:5070,90.0,90.0,633,535,0.5793477137499815,0,-0.5537477731704712,0.9512316584587097,pass,
34003,1,1,34003_ndvi.tif,1,EPSG:5070,90.0,90.0,351,426,0.5326765913620374,0,-0.21432724595069885,0.928904116153717,pass,
34005,1,1,34005_ndvi.tif,1,EPSG:5070,90.0,90.0,726,725,0.5013071150375226,0,-0.15366652607917786,0.9611979126930237,pass,
34007,1,1,34007_ndvi.tif,1,EPSG:5070,90.0,90.0,428,439,0.39216145445255784,0,-0.3413986563682556,0.9787488579750061,pass,
34009,1,1,34009_ndvi.tif,1,EPSG:5070,90.0,90.0,327,540,0.5202571072601654,0,-0.6563929915428162,0.9440895318984985,pass,
34011,1,1,34011_ndvi.tif,1,EPSG:5070,90.0,90.0,548,486,0.6068306749571957,0,-0.6429452300071716,0.9742594361305237,pass,
34013,1,1,34013_ndvi.tif,1,EPSG:5070,90.0,90.0,252,247,0.670056551635499,0,-0.13214074075222015,0.9369447827339172,pass,
34015,1,1,34015_ndvi.tif,1,EPSG:5070,90.0,90.0,558,423,0.4610649313234534,0,-0.32604777812957764,0.9547580480575562,pass,
34017,1,1,34017_ndvi.tif,1,EPSG:5070,90.0,90.0,152,246,0.46164955070603336,0,-0.37616029381752014,0.9007906913757324,pass,
34019,1,1,34019_ndvi.tif,1,EPSG:5070,90.0,90.0,450,554,0.5656959486562375,0,0.04376590996980667,0.9668259024620056,pass,
34021,1,1,34021_ndvi.tif,1,EPSG:5070,90.0,90.0,450,328,0.5024322493224932,0,0.028252150863409042,0.955101728439331,pass,
34023,1,1,34023_ndvi.tif,1,EPSG:5070,90.0,90.0,343,484,0.6172927258270486,0,-0.2571806013584137,0.961052417755127,pass,
34025,1,1,34025_ndvi.tif,1,EPSG:5070,90.0,90.0,555,599,0.4712478755884432,0,-0.17735370993614197,0.9390760064125061,pass,
34027,1,1,34027_ndvi.tif,1,EPSG:5070,90.0,90.0,531,535,0.5472693032015066,0,0.08562500774860382,0.9810270071029663,pass,
34029,1,1,34029_ndvi.tif,1,EPSG:5070,90.0,90.0,508,837,0.570506307679282,0,-0.5333665609359741,0.9436835050582886,pass,
34031,1,1,34031_ndvi.tif,1,EPSG:5070,90.0,90.0,423,416,0.3663052373158756,0,0.05207706615328789,0.9657387733459473,pass,
34033,1,1,34033_ndvi.tif,1,EPSG:5070,90.0,90.0,489,508,0.45416082958955284,0,-0.30386292934417725,0.9522245526313782,pass,
34035,1,1,34035_ndvi.tif,1,EPSG:5070,90.0,90.0,321,500,0.614398753894081,0,-0.30110666155815125,0.943618655204773,pass,
34037,1,1,34037_ndvi.tif,1,EPSG:5070,90.0,90.0,533,560,0.5771709997319754,0,0.05740981921553612,0.9740698933601379,pass,
34039,1,1,34039_ndvi.tif,1,EPSG:5070,90.0,90.0,293,195,0.5937691432571979,0,-0.11465408653020859,0.9431434869766235,pass,
34041,1,1,34041_ndvi.tif,1,EPSG:5070,90.0,90.0,351,657,0.5078900467028321,0,0.07004570215940475,0.995157778263092,pass,
35001,1,1,35001_ndvi.tif,1,EPSG:5070,90.0,90.0,1010,550,0.6749000900090009,0,-0.1826927363872528,0.9022907018661499,pass,
35013,1,1,35013_ndvi.tif,1,EPSG:5070,90.0,90.0,1167,1543,0.6791447235795791,0,-0.2501649856567383,0.9192497134208679,pass,
35043,1,1,35043_ndvi.tif,1,EPSG:5070,90.0,90.0,1361,1400,0.6249370210979321,0,-0.5956242680549622,0.909346878528595,pass,
35045,1,1,35045_ndvi.tif,1,EPSG:5070,90.0,90.0,1750,1415,0.7164199899040888,0,-0.4062654674053192,0.9271088242530823,pass,
35049,1,1,35049_ndvi.tif,1,EPSG:5070,90.0,90.0,650,1226,0.7694641736729828,0,-0.30972495675086975,0.9251722693443298,pass,
35057,1,1,35057_ndvi.tif,1,EPSG:5070,90.0,90.0,1251,1062,0.8071320721200818,0,-0.29951879382133484,0.9221677184104919,pass,
35061,1,1,35061_ndvi.tif,1,EPSG:5070,90.0,90.0,837,731,0.5606989982789815,0,0.016251415014266968,0.9129346013069153,pass,
36001,1,1,36001_ndvi.tif,1,EPSG:5070,90.0,90.0,435,615,0.6416073264180918,0,-0.05055050179362297,0.971377968788147,pass,
36005,1,1,36005_ndvi.tif,1,EPSG:5070,90.0,90.0,161,158,0.616322037896061,0,-0.23341161012649536,0.9192700386047363,pass,
36007,1,1,36007_ndvi.tif,1,EPSG:5070,90.0,90.0,795,554,0.5226029107917263,0,0.02311602607369423,0.9794994592666626,pass,
36015,1,1,36015_ndvi.tif,1,EPSG:5070,90.0,90.0,438,421,0.717437282400026,0,0.04486050084233284,0.9758079051971436,pass,
36027,1,1,36027_ndvi.tif,1,EPSG:5070,90.0,90.0,516,845,0.6085133709462869,0,-0.2837977409362793,0.9378657937049866,pass,
36029,1,1,36029_ndvi.tif,1,EPSG:5070,90.0,90.0,614,869,0.6356589437857735,0,-0.2603188455104828,0.9973591566085815,pass,
36043,1,1,36043_ndvi.tif,1,EPSG:5070,90.0,90.0,690,1539,0.4411343710860619,0,0.08267898857593536,0.9762169122695923,pass,
36045,1,1,36045_ndvi.tif,1,EPSG:5070,90.0,90.0,793,940,0.5798073569262966,0,-0.2448228895664215,0.9938620328903198,pass,
36047,1,1,36047_ndvi.tif,1,EPSG:5070,90.0,90.0,195,216,0.6139363722697057,0,-0.3300632834434509,0.9136172533035278,pass,
36051,1,1,36051_ndvi.tif,1,EPSG:5070,90.0,90.0,499,646,0.6397407818733443,0,0.0791129544377327,0.9604049921035767,pass,
36053,1,1,36053_ndvi.tif,1,EPSG:5070,90.0,90.0,760,568,0.49364343958487766,0,0.060487546026706696,0.9872850775718689,pass,
36055,1,1,36055_ndvi.tif,1,EPSG:5070,90.0,90.0,630,489,0.6962313759859772,0,-0.14666399359703064,0.9504656791687012,pass,
36059,1,1,36059_ndvi.tif,1,EPSG:5070,90.0,90.0,369,455,0.6061764793472111,0,-0.3782622218132019,0.938668966293335,pass,
36061,1,1,36061_ndvi.tif,1,EPSG:5070,90.0,90.0,96,262,0.4195690203562341,0,-0.1925535947084427,0.9203225374221802,pass,
36063,1,1,36063_ndvi.tif,1,EPSG:5070,90.0,90.0,575,497,0.5997900446155192,0,-0.21879003942012787,0.9606823325157166,pass,
36065,1,1,36065_ndvi.tif,1,EPSG:5070,90.0,90.0,743,975,0.5579100666045484,0,-0.05225186422467232,0.988997757434845,pass,
36067,1,1,36067_ndvi.tif,1,EPSG:5070,90.0,90.0,627,622,0.6644563762519423,0,0.05989944934844971,0.998135507106781,pass,
36069,1,1,36069_ndvi.tif,1,EPSG:5070,90.0,90.0,584,627,0.5822682484542614,0,-0.18456844985485077,0.9808749556541443,pass,
36071,1,1,36071_ndvi.tif,1,EPSG:5070,90.0,90.0,760,601,0.590305630965934,0,-0.18322287499904633,0.9840638041496277,pass,
36073,1,1,36073_ndvi.tif,1,EPSG:5070,90.0,90.0,469,370,0.728554140494439,0,0.04781794920563698,0.9459318518638611,pass,
36075,1,1,36075_ndvi.tif,1,EPSG:5070,90.0,90.0,741,691,0.6395042487661879,0,-0.20724190771579742,0.9840517044067383,pass,
36079,1,1,36079_ndvi.tif,1,EPSG:5070,90.0,90.0,413,346,0.5561799325392938,0,-0.18697185814380646,0.9373630881309509,pass,
36081,1,1,36081_ndvi.tif,1,EPSG:5070,90.0,90.0,247,346,0.4701153729142777,0,-0.2723865509033203,0.922562301158905,pass,
36083,1,1,36083_ndvi.tif,1,EPSG:5070,90.0,90.0,414,688,0.7508812212110999,0,-0.011007622815668583,0.948143482208252,pass,
36085,1,1,36085_ndvi.tif,1,EPSG:5070,90.0,90.0,162,221,0.5275682922741747,0,-0.1319795846939087,0.9227530360221863,pass,
36087,1,1,36087_ndvi.tif,1,EPSG:5070,90.0,90.0,350,382,0.48264023934181,0,-0.318452388048172,0.9546942114830017,pass,
36091,1,1,36091_ndvi.tif,1,EPSG:5070,90.0,90.0,602,734,0.6143689970760499,0,0.007071143016219139,0.9860739707946777,pass,
36093,1,1,36093_ndvi.tif,1,EPSG:5070,90.0,90.0,431,334,0.47095599983328007,0,0.06374476104974747,0.9748530983924866,pass,
36095,1,1,36095_ndvi.tif,1,EPSG:5070,90.0,90.0,489,573,0.7192296848288883,0,0.04211045056581497,0.9720453023910522,pass,
36103,1,1,36103_ndvi.tif,1,EPSG:5070,90.0,90.0,1433,1163,0.2226231099755847,0,-0.93387770652771,0.9432066082954407,pass,
36107,1,1,36107_ndvi.tif,1,EPSG:5070,90.0,90.0,459,580,0.6327698895650214,0,0.0768781378865242,0.9699682593345642,pass,
36109,1,1,36109_ndvi.tif,1,EPSG:5070,90.0,90.0,462,492,0.6964109738499983,0,0.12541133165359497,0.9706830978393555,pass,
36111,1,1,36111_ndvi.tif,1,EPSG:5070,90.0,90.0,860,786,0.5517353097816439,0,-0.23003040254116058,0.9832685589790344,pass,
36113,1,1,36113_ndvi.tif,1,EPSG:5070,90.0,90.0,661,771,0.5879665875898444,0,-0.02949535846710205,0.9863061308860779,pass,
36115,1,1,36115_ndvi.tif,1,EPSG:5070,90.0,90.0,479,1101,0.5164900384732801,0,-0.1647142469882965,0.9654892683029175,pass,
36117,1,1,36117_ndvi.tif,1,EPSG:5070,90.0,90.0,646,492,0.6194908001711597,0,-0.25036776065826416,0.9817934036254883,pass,
36119,1,1,36119_ndvi.tif,1,EPSG:5070,90.0,90.0,482,639,0.4992305144838603,0,-0.22851108014583588,0.948833703994751,pass,
36123,1,1,36123_ndvi.tif,1,EPSG:5070,90.0,90.0,475,376,0.6778499440089586,0,0.1018637865781784,0.9799848794937134,pass,
37001,1,1,37001_ndvi.tif,1,EPSG:5070,90.0,90.0,377,541,0.6850610667934908,0,0.068010613322258,0.9818903207778931,pass,
37003,1,1,37003_ndvi.tif,1,EPSG:5070,90.0,90.0,325,355,0.7372654387865656,0,-0.05750646814703941,0.9853756427764893,pass,
37007,1,1,37007_ndvi.tif,1,EPSG:5070,90.0,90.0,486,501,0.7098765432098766,0,-0.23614278435707092,0.9783099889755249,pass,
37019,1,1,37019_ndvi.tif,1,EPSG:5070,90.0,90.0,724,710,0.5566376157497471,0,-0.1848595142364502,0.9816668033599854,pass,
37021,1,1,37021_ndvi.tif,1,EPSG:5070,90.0,90.0,737,546,0.5261753172200934,0,0.03925452381372452,0.9911609292030334,pass,
37023,1,1,37023_ndvi.tif,1,EPSG:5070,90.0,90.0,621,513,0.5201539364604031,0,-0.24628500640392303,0.9927774667739868,pass,
37025,1,1,37025_ndvi.tif,1,EPSG:5070,90.0,90.0,485,426,0.5675959537292483,0,-0.3898564875125885,0.9447422027587891,pass,
37027,1,1,37027_ndvi.tif,1,EPSG:5070,90.0,90.0,529,421,0.6863305928363919,0,0.06908859312534332,0.9913654923439026,pass,
37029,1,1,37029_ndvi.tif,1,EPSG:5070,90.0,90.0,708,392,0.2851233713824513,0,-0.12753739953041077,0.9987030029296875,pass,
37035,1,1,37035_ndvi.tif,1,EPSG:5070,90.0,90.0,593,381,0.5931979834729765,0,-0.14423656463623047,0.9719735383987427,pass,
37037,1,1,37037_ndvi.tif,1,EPSG:5070,90.0,90.0,672,547,0.6204432184208235,0,0.08943507820367813,0.9924567341804504,pass,
37049,1,1,37049_ndvi.tif,1,EPSG:5070,90.0,90.0,882,719,0.3717906263107932,0,-0.2698289453983307,0.9637941122055054,pass,
37051,1,1,37051_ndvi.tif,1,EPSG:5070,90.0,90.0,673,562,0.5604532739684739,0,-0.28814810514450073,0.9529964923858643,pass,
37053,1,1,37053_ndvi.tif,1,EPSG:5070,90.0,90.0,630,568,0.26327688352336237,0,-0.30870065093040466,0.9968088269233704,pass,
37057,1,1,37057_ndvi.tif,1,EPSG:5070,90.0,90.0,481,647,0.5871622424945454,0,-0.26671484112739563,0.9496217966079712,pass,
37059,1,1,37059_ndvi.tif,1,EPSG:5070,90.0,90.0,354,393,0.6196360029326778,0,-0.1817401945590973,0.9743168950080872,pass,
37063,1,1,37063_ndvi.tif,1,EPSG:5070,90.0,90.0,296,496,0.654009099825632,0,-0.11246007680892944,0.9541617035865784,pass,
37065,1,1,37065_ndvi.tif,1,EPSG:5070,90.0,90.0,479,584,0.5836860468441674,0,-0.2149980515241623,0.9888197779655457,pass,
37067,1,1,37067_ndvi.tif,1,EPSG:5070,90.0,90.0,481,409,0.6755130153663161,0,-0.2549513578414917,0.9520041942596436,pass,
37069,1,1,37069_ndvi.tif,1,EPSG:5070,90.0,90.0,497,551,0.5815765737802495,0,0.07516390085220337,0.9737160801887512,pass,
37071,1,1,37071_ndvi.tif,1,EPSG:5070,90.0,90.0,539,350,0.6214206201961304,0,-0.34243538975715637,0.9656261205673218,pass,
37073,1,1,37073_ndvi.tif,1,EPSG:5070,90.0,90.0,505,342,0.6447628973423658,0,0.13399603962898254,0.9998074769973755,pass,
37077,1,1,37077_ndvi.tif,1,EPSG:5070,90.0,90.0,375,654,0.7049989806320082,0,-0.17366662621498108,0.9993565678596497,pass,
37081,1,1,37081_ndvi.tif,1,EPSG:5070,90.0,90.0,559,481,0.7856284797250808,0,-0.14236950874328613,0.999880850315094,pass,
37085,1,1,37085_ndvi.tif,1,EPSG:5070,90.0,90.0,669,513,0.5636325492355703,0,-0.27508795261383057,0.9945967197418213,pass,
37087,1,1,37087_ndvi.tif,1,EPSG:5070,90.0,90.0,557,611,0.5219656389296177,0,0.04449976608157158,0.9998450875282288,pass,
37089,1,1,37089_ndvi.tif,1,EPSG:5070,90.0,90.0,486,474,0.5251428174541161,0,0.03886008635163307,0.9998514652252197,pass,
37093,1,1,37093_ndvi.tif,1,EPSG:5070,90.0,90.0,439,478,0.6012857292629693,0,-0.22939684987068176,0.9997220635414124,pass,
37097,1,1,37097_ndvi.tif,1,EPSG:5070,90.0,90.0,420,732,0.6251821493624772,0,-0.30851712822914124,0.9999536871910095,pass,
37101,1,1,37101_ndvi.tif,1,EPSG:5070,90.0,90.0,618,723,0.5722918261289933,0,-0.5299935340881348,0.9889658689498901,pass,
37103,1,1,37103_ndvi.tif,1,EPSG:5070,90.0,90.0,717,495,0.430689038220419,0,-0.03637849912047386,0.9982507824897766,pass,
37109,1,1,37109_ndvi.tif,1,EPSG:5070,90.0,90.0,609,234,0.6897113104009656,0,-0.1128796711564064,0.9998100996017456,pass,
37115,1,1,37115_ndvi.tif,1,EPSG:5070,90.0,90.0,543,513,0.5216884035339012,0,0.04403847083449364,0.9997862577438354,pass,
37119,1,1,37119_ndvi.tif,1,EPSG:5070,90.0,90.0,483,629,0.5790979141362773,0,-0.3372737467288971,0.9997671246528625,pass,
37127,1,1,37127_ndvi.tif,1,EPSG:5070,90.0,90.0,467,618,0.6055036970818347,0,-0.034629154950380325,0.9998427629470825,pass,
37129,1,1,37129_ndvi.tif,1,EPSG:5070,90.0,90.0,328,584,0.37122034747744737,0,-0.7121790051460266,0.9992200136184692,pass,
37133,1,1,37133_ndvi.tif,1,EPSG:5070,90.0,90.0,643,648,0.6185511587274158,0,-0.408489853143692,0.9991095066070557,pass,
37135,1,1,37135_ndvi.tif,1,EPSG:5070,90.0,90.0,320,498,0.8095067771084338,0,-0.0784885510802269,0.9998700618743896,pass,
37137,1,1,37137_ndvi.tif,1,EPSG:5070,90.0,90.0,485,495,0.4913714464229928,0,-0.2903902232646942,0.9996063709259033,pass,
37141,1,1,37141_ndvi.tif,1,EPSG:5070,90.0,90.0,774,549,0.6676221271468444,0,-0.9276424646377563,0.9998437762260437,pass,
37145,1,1,37145_ndvi.tif,1,EPSG:5070,90.0,90.0,395,431,0.7637052483185996,0,-0.01077672466635704,0.999378502368927,pass,
37147,1,1,37147_ndvi.tif,1,EPSG:5070,90.0,90.0,628,610,0.5508483867599457,0,-0.39260032773017883,0.99981689453125,pass,
37151,1,1,37151_ndvi.tif,1,EPSG:5070,90.0,90.0,569,573,0.7778534338127268,0,-0.23593565821647644,0.9998831152915955,pass,
37157,1,1,37157_ndvi.tif,1,EPSG:5070,90.0,90.0,547,436,0.771610787783238,0,0.0727042406797409,0.9980498552322388,pass,
37159,1,1,37159_ndvi.tif,1,EPSG:5070,90.0,90.0,615,447,0.6132845892217311,0,-0.3077278137207031,0.9997434020042419,pass,
37169,1,1,37169_ndvi.tif,1,EPSG:5070,90.0,90.0,456,415,0.7748309025575988,0,-0.1161387637257576,0.9994603395462036,pass,
37179,1,1,37179_ndvi.tif,1,EPSG:5070,90.0,90.0,555,547,0.6770822010310127,0,-0.027261462062597275,0.9985254406929016,pass,
37183,1,1,37183_ndvi.tif,1,EPSG:5070,90.0,90.0,678,684,0.5938518863530508,0,-0.12888924777507782,0.9983004927635193,pass,
37191,1,1,37191_ndvi.tif,1,EPSG:5070,90.0,90.0,492,551,0.6618454251693152,0,-0.23265062272548676,0.9988049268722534,pass,
37197,1,1,37197_ndvi.tif,1,EPSG:5070,90.0,90.0,445,336,0.72776886035313,0,-0.18476110696792603,0.9990196228027344,pass,
38015,1,1,38015_ndvi.tif,1,EPSG:5070,90.0,90.0,745,880,0.8163377059182428,0,-0.29146111011505127,0.9999377131462097,pass,
38017,1,1,38017_ndvi.tif,1,EPSG:5070,90.0,90.0,809,761,0.9213058089918119,0,-0.13832367956638336,0.9995921850204468,pass,
38035,1,1,38035_ndvi.tif,1,EPSG:5070,90.0,90.0,848,655,0.8314435402563733,0,0.042988747358322144,0.9696620106697083,pass,
38059,1,1,38059_ndvi.tif,1,EPSG:5070,90.0,90.0,1312,911,0.5223722256432224,0,-0.3053954839706421,0.9998237490653992,pass,
38065,1,1,38065_ndvi.tif,1,EPSG:5070,90.0,90.0,756,393,0.79056100811826,0,-0.2576902508735657,0.9550597667694092,pass,
39003,1,1,39003_ndvi.tif,1,EPSG:5070,90.0,90.0,505,370,0.7008937650521809,0,-0.24040888249874115,0.9988358616828918,pass,
39013,1,1,39013_ndvi.tif,1,EPSG:5070,90.0,90.0,494,436,0.8079940942688407,0,-0.11958442628383636,0.9997356534004211,pass,
39015,1,1,39015_ndvi.tif,1,EPSG:5070,90.0,90.0,368,732,0.5891541933951058,0,0.03951738774776459,0.9956374168395996,pass,
39017,1,1,39017_ndvi.tif,1,EPSG:5070,90.0,90.0,477,405,0.782172528923053,0,-0.14480698108673096,0.9999669194221497,pass,
39019,1,1,39019_ndvi.tif,1,EPSG:5070,90.0,90.0,438,413,0.7097250323393811,0,0.014002545736730099,0.9998652935028076,pass,
39023,1,1,39023_ndvi.tif,1,EPSG:5070,90.0,90.0,493,311,0.8423589415808457,0,-0.0843295231461525,0.9986905455589294,pass,
39025,1,1,39025_ndvi.tif,1,EPSG:5070,90.0,90.0,323,608,0.7534065911683233,0,0.01782551407814026,0.9934946298599243,pass,
39035,1,1,39035_ndvi.tif,1,EPSG:5070,90.0,90.0,557,493,0.5382864592627121,0,-0.3113364577293396,0.9866538047790527,pass,
39041,1,1,39041_ndvi.tif,1,EPSG:5070,90.0,90.0,507,378,0.767367959675652,0,-0.26514744758605957,0.9996565580368042,pass,
39045,1,1,39045_ndvi.tif,1,EPSG:5070,90.0,90.0,458,506,0.7055810621882389,0,0.07190296053886414,0.9994919300079346,pass,
39049,1,1,39049_ndvi.tif,1,EPSG:5070,90.0,90.0,461,450,0.842231863099542,0,-0.32423368096351624,0.998076319694519,pass,
39051,1,1,39051_ndvi.tif,1,EPSG:5070,90.0,90.0,506,343,0.7548254762096821,0,-0.14574480056762695,0.9996213316917419,pass,
39055,1,1,39055_ndvi.tif,1,EPSG:5070,90.0,90.0,396,507,0.6547377124300201,0,-0.19913461804389954,0.999813437461853,pass,
39057,1,1,39057_ndvi.tif,1,EPSG:5070,90.0,90.0,443,349,0.8656787855659834,0,-0.13077938556671143,0.987966775894165,pass,
39061,1,1,39061_ndvi.tif,1,EPSG:5070,90.0,90.0,536,337,0.73599915851012,0,-0.05026540532708168,0.9995262026786804,pass,
39073,1,1,39073_ndvi.tif,1,EPSG:5070,90.0,90.0,546,405,0.61665988332655,0,-0.11329025030136108,0.9990224242210388,pass,
39081,1,1,39081_ndvi.tif,1,EPSG:5070,90.0,90.0,345,559,0.6858365092945478,0,0.012113370932638645,0.99983811378479,pass,
39085,1,1,39085_ndvi.tif,1,EPSG:5070,90.0,90.0,426,417,0.4194897603044325,0,-0.104861319065094,0.9994710683822632,pass,
39087,1,1,39087_ndvi.tif,1,EPSG:5070,90.0,90.0,501,542,0.5424243763395717,0,0.0326446034014225,0.9777846336364746,pass,
39089,1,1,39089_ndvi.tif,1,EPSG:5070,90.0,90.0,572,450,0.8575330225330225,0,0.02526283636689186,0.9985249638557434,pass,
39093,1,1,39093_ndvi.tif,1,EPSG:5070,90.0,90.0,458,599,0.5794847307375466,0,-0.2648528218269348,0.9977629780769348,pass,
39095,1,1,39095_ndvi.tif,1,EPSG:5070,90.0,90.0,706,499,0.31843289979392214,0,-0.38460639119148254,0.9988420605659485,pass,
39097,1,1,39097_ndvi.tif,1,EPSG:5070,90.0,90.0,383,539,0.7288422133629145,0,0.03168065473437309,0.9566176533699036,pass,
39099,1,1,39099_ndvi.tif,1,EPSG:5070,90.0,90.0,538,370,0.6873806892394253,0,-0.15349534153938293,0.9985159039497375,pass,
39103,1,1,39103_ndvi.tif,1,EPSG:5070,90.0,90.0,470,418,0.692802606128474,0,-0.06542111933231354,0.9936176538467407,pass,
39109,1,1,39109_ndvi.tif,1,EPSG:5070,90.0,90.0,407,385,0.8410032228214046,0,-0.13772661983966827,0.9984701871871948,pass,
39113,1,1,39113_ndvi.tif,1,EPSG:5070,90.0,90.0,416,449,0.7990031266061333,0,-0.1786755472421646,0.9880731105804443,pass,
39117,1,1,39117_ndvi.tif,1,EPSG:5070,90.0,90.0,368,473,0.7527231363176763,0,-0.0646732747554779,0.9940519332885742,pass,
39123,1,1,39123_ndvi.tif,1,EPSG:5070,90.0,90.0,660,395,0.32881472957422325,0,-0.4377530515193939,0.9728834629058838,pass,
39127,1,1,39127_ndvi.tif,1,EPSG:5070,90.0,90.0,465,443,0.6444865166630258,0,0.025926556438207626,0.9848688244819641,pass,
39129,1,1,39129_ndvi.tif,1,EPSG:5070,90.0,90.0,530,412,0.7459195823410881,0,-0.05967146158218384,0.9657952189445496,pass,
39133,1,1,39133_ndvi.tif,1,EPSG:5070,90.0,90.0,427,499,0.7603966715632671,0,-0.09108395129442215,0.9997387528419495,pass,
39139,1,1,39139_ndvi.tif,1,EPSG:5070,90.0,90.0,436,574,0.6427332736630118,0,-0.15077845752239227,0.9988111257553101,pass,
39151,1,1,39151_ndvi.tif,1,EPSG:5070,90.0,90.0,551,516,0.6563119908833833,0,-0.21776241064071655,0.9971337914466858,pass,
39153,1,1,39153_ndvi.tif,1,EPSG:5070,90.0,90.0,322,571,0.7355353471625459,0,-0.06860417127609253,0.9994029402732849,pass,
39155,1,1,39155_ndvi.tif,1,EPSG:5070,90.0,90.0,515,521,0.7616458267335036,0,-0.035116735845804214,0.9995847344398499,pass,
39159,1,1,39159_ndvi.tif,1,EPSG:5070,90.0,90.0,391,521,0.6899480145892957,0,0.010358328931033611,0.9511638879776001,pass,
39165,1,1,39165_ndvi.tif,1,EPSG:5070,90.0,90.0,389,403,0.8359348587394031,0,-0.014261344447731972,0.9990414977073669,pass,
39173,1,1,39173_ndvi.tif,1,EPSG:5070,90.0,90.0,464,613,0.7010744220059628,0,-0.3216991722583771,0.9938856959342957,pass,
40017,1,1,40017_ndvi.tif,1,EPSG:5070,90.0,90.0,643,512,0.8829552634136858,0,-0.2829003632068634,0.9900360703468323,pass,
40027,1,1,40027_ndvi.tif,1,EPSG:5070,90.0,90.0,531,568,0.59515994270709,0,-0.3567703664302826,0.9186597466468811,pass,
40031,1,1,40031_ndvi.tif,1,EPSG:5070,90.0,90.0,756,565,0.8141803624104509,0,-0.2284960299730301,0.9095469117164612,pass,
40033,1,1,40033_ndvi.tif,1,EPSG:5070,90.0,90.0,536,547,0.7040608202133756,0,-0.33367636799812317,0.9111806750297546,pass,
40037,1,1,40037_ndvi.tif,1,EPSG:5070,90.0,90.0,591,655,0.8036708386613451,0,-0.16551519930362701,0.9938647150993347,pass,
40047,1,1,40047_ndvi.tif,1,EPSG:5070,90.0,90.0,645,547,0.9638507433073991,0,-0.2627313435077667,0.9156742095947266,pass,
40051,1,1,40051_ndvi.tif,1,EPSG:5070,90.0,90.0,437,876,0.9264495365871498,0,-0.25943154096603394,0.9270656704902649,pass,
40081,1,1,40081_ndvi.tif,1,EPSG:5070,90.0,90.0,527,602,0.9766464725425054,0,-0.3523373603820801,0.9997789263725281,pass,
40083,1,1,40083_ndvi.tif,1,EPSG:5070,90.0,90.0,536,557,0.8055481122216566,0,-0.25245901942253113,0.9821373820304871,pass,
40087,1,1,40087_ndvi.tif,1,EPSG:5070,90.0,90.0,748,612,0.40839406172451154,0,-0.3509491980075836,0.93287593126297,pass,
40109,1,1,40109_ndvi.tif,1,EPSG:5070,90.0,90.0,537,443,0.9695112467474599,0,-0.24711734056472778,0.9655436277389526,pass,
40111,1,1,40111_ndvi.tif,1,EPSG:5070,90.0,90.0,480,599,0.7851453811908736,0,-0.2575095593929291,0.9974617958068848,pass,
40113,1,1,40113_ndvi.tif,1,EPSG:5070,90.0,90.0,1048,1047,0.6736540971295668,0,-0.2364622801542282,0.9738704562187195,pass,
40117,1,1,40117_ndvi.tif,1,EPSG:5070,90.0,90.0,781,507,0.4838736561380115,0,-0.22991633415222168,0.9914177656173706,pass,
40131,1,1,40131_ndvi.tif,1,EPSG:5070,90.0,90.0,481,653,0.7281919686207589,0,-0.20774315297603607,0.9673639535903931,pass,
40135,1,1,40135_ndvi.tif,1,EPSG:5070,90.0,90.0,705,436,0.7467336846899603,0,-0.29953593015670776,0.9996482133865356,pass,
40143,1,1,40143_ndvi.tif,1,EPSG:5070,90.0,90.0,533,707,0.5015192486817698,0,-0.3331244885921478,0.9755570292472839,pass,
40145,1,1,40145_ndvi.tif,1,EPSG:5070,90.0,90.0,607,495,0.6323798112924967,0,-0.10894519090652466,0.9972014427185059,pass,
41003,1,1,41003_ndvi.tif,1,EPSG:5070,90.0,90.0,749,626,0.4657306653813178,0,-0.19609272480010986,0.9889072775840759,pass,
41005,1,1,41005_ndvi.tif,1,EPSG:5070,90.0,90.0,1021,901,0.6568618392231507,0,-0.28822943568229675,0.997334897518158,pass,
41009,1,1,41009_ndvi.tif,1,EPSG:5070,90.0,90.0,518,648,0.6598950140616807,0,-0.4290367066860199,0.9907715320587158,pass,
41017,1,1,41017_ndvi.tif,1,EPSG:5070,90.0,90.0,1842,1384,0.38438953324170133,0,-0.654086172580719,0.995945930480957,pass,
41029,1,1,41029_ndvi.tif,1,EPSG:5070,90.0,90.0,1170,1209,0.6349176051409302,0,-0.37722814083099365,0.9684575200080872,pass,
41033,1,1,41033_ndvi.tif,1,EPSG:5070,90.0,90.0,821,1055,0.6082063833840363,0,0.0039030159823596478,0.9506719708442688,pass,
41039,1,1,41039_ndvi.tif,1,EPSG:5070,90.0,90.0,2153,1492,0.46108709214276733,0,-0.49427521228790283,0.9956896305084229,pass,
41043,1,1,41043_ndvi.tif,1,EPSG:5070,90.0,90.0,1346,916,0.6010068649143183,0,-0.4110760986804962,0.998982846736908,pass,
41047,1,1,41047_ndvi.tif,1,EPSG:5070,90.0,90.0,1239,997,0.3104907944171498,0,-0.42697644233703613,0.99976646900177,pass,
41051,1,1,41051_ndvi.tif,1,EPSG:5070,90.0,90.0,868,574,0.30176905537982307,0,-0.33453765511512756,0.9997010231018066,pass,
41053,1,1,41053_ndvi.tif,1,EPSG:5070,90.0,90.0,671,567,0.6285887761297597,0,-0.3828349709510803,0.9759965538978577,pass,
41067,1,1,41067_ndvi.tif,1,EPSG:5070,90.0,90.0,650,682,0.5277238890142116,0,-0.006125130690634251,0.9972400069236755,pass,
41071,1,1,41071_ndvi.tif,1,EPSG:5070,90.0,90.0,851,524,0.5183596307891031,0,-0.039295461028814316,0.9708143472671509,pass,
42001,1,1,42001_ndvi.tif,1,EPSG:5070,90.0,90.0,498,488,0.690133484758707,0,-0.08325974643230438,0.9963854551315308,pass,
42003,1,1,42003_ndvi.tif,1,EPSG:5070,90.0,90.0,616,616,0.6306053929836397,0,-0.12447075545787811,0.9992902874946594,pass,
42005,1,1,42005_ndvi.tif,1,EPSG:5070,90.0,90.0,519,760,0.5422497718284149,0,-0.11855314671993256,0.9982278943061829,pass,
42007,1,1,42007_ndvi.tif,1,EPSG:5070,90.0,90.0,393,520,0.6989185750636132,0,-0.08312155306339264,0.994422197341919,pass,
42011,1,1,42011_ndvi.tif,1,EPSG:5070,90.0,90.0,845,655,0.5027146664257645,0,-0.035042647272348404,0.989031195640564,pass,
42013,1,1,42013_ndvi.tif,1,EPSG:5070,90.0,90.0,415,665,0.6143491258266147,0,0.037173692137002945,0.998444676399231,pass,
42017,1,1,42017_ndvi.tif,1,EPSG:5070,90.0,90.0,770,637,0.40821831229994493,0,-0.07399882376194,0.9988258481025696,pass,
42019,1,1,42019_ndvi.tif,1,EPSG:5070,90.0,90.0,504,684,0.7412599786503296,0,0.024797294288873672,0.9996801614761353,pass,
42021,1,1,42021_ndvi.tif,1,EPSG:5070,90.0,90.0,552,678,0.5954854431191484,0,0.04244684800505638,0.9826514720916748,pass,
42025,1,1,42025_ndvi.tif,1,EPSG:5070,90.0,90.0,502,503,0.49487932960008874,0,0.07891117036342621,0.9898200035095215,pass,
42027,1,1,42027_ndvi.tif,1,EPSG:5070,90.0,90.0,1056,717,0.47237939013566627,0,0.03519594669342041,0.9998587369918823,pass,
42029,1,1,42029_ndvi.tif,1,EPSG:5070,90.0,90.0,626,735,0.5313881463128383,0,-0.049962516874074936,0.9798231720924377,pass,
42037,1,1,42037_ndvi.tif,1,EPSG:5070,90.0,90.0,446,666,0.5318681910610161,0,-0.16464190185070038,0.9976982474327087,pass,
42041,1,1,42041_ndvi.tif,1,EPSG:5070,90.0,90.0,698,572,0.44449425932233955,0,-0.02503337897360325,0.9947320818901062,pass,
42043,1,1,42043_ndvi.tif,1,EPSG:5070,90.0,90.0,484,660,0.5627566992236414,0,-0.09243189543485641,0.9973281621932983,pass,
42045,1,1,42045_ndvi.tif,1,EPSG:5070,90.0,90.0,358,334,0.5170524872043623,0,-0.3215225636959076,0.9896330833435059,pass,
42049,1,1,42049_ndvi.tif,1,EPSG:5070,90.0,90.0,846,631,0.48728611944716066,0,-0.17651663720607758,0.9951615333557129,pass,
42051,1,1,42051_ndvi.tif,1,EPSG:5070,90.0,90.0,653,593,0.6635066072014234,0,0.07922838628292084,0.9993711709976196,pass,
42055,1,1,42055_ndvi.tif,1,EPSG:5070,90.0,90.0,595,771,0.5417257953765163,0,-0.04764245077967644,0.9998352527618408,pass,
42069,1,1,42069_ndvi.tif,1,EPSG:5070,90.0,90.0,401,611,0.611160315251152,0,-0.1566789299249649,0.999401330947876,pass,
42071,1,1,42071_ndvi.tif,1,EPSG:5070,90.0,90.0,776,743,0.5483533598812282,0,-0.013680282980203629,0.999422550201416,pass,
42075,1,1,42075_ndvi.tif,1,EPSG:5070,90.0,90.0,523,445,0.5018282596085677,0,0.08583921939134598,0.9998534917831421,pass,
42077,1,1,42077_ndvi.tif,1,EPSG:5070,90.0,90.0,546,425,0.48381814264167206,0,0.02602291665971279,0.9564822316169739,pass,
42079,1,1,42079_ndvi.tif,1,EPSG:5070,90.0,90.0,681,677,0.631099022421194,0,-0.213807612657547,0.9997351169586182,pass,
42081,1,1,42081_ndvi.tif,1,EPSG:5070,90.0,90.0,1107,701,0.5147157177705871,0,-0.1741737723350525,0.9999072551727295,pass,
42085,1,1,42085_ndvi.tif,1,EPSG:5070,90.0,90.0,538,531,0.7675669810065878,0,-0.07656783610582352,0.9992569088935852,pass,
42089,1,1,42089_ndvi.tif,1,EPSG:5070,90.0,90.0,626,601,0.5278024378963708,0,0.0732734426856041,0.9896334409713745,pass,
42091,1,1,42091_ndvi.tif,1,EPSG:5070,90.0,90.0,653,522,0.4609465303080976,0,-0.029704567044973373,0.9992624521255493,pass,
42093,1,1,42093_ndvi.tif,1,EPSG:5070,90.0,90.0,260,320,0.5160697115384615,0,0.10191866755485535,0.9963777661323547,pass,
42095,1,1,42095_ndvi.tif,1,EPSG:5070,90.0,90.0,486,569,0.44030390476397113,0,0.05682886391878128,0.9906488656997681,pass,
42099,1,1,42099_ndvi.tif,1,EPSG:5070,90.0,90.0,686,662,0.3946011291871086,0,0.11202877014875412,0.980374276638031,pass,
42101,1,1,42101_ndvi.tif,1,EPSG:5070,90.0,90.0,274,370,0.45746695600710197,0,-0.4727248549461365,0.9905213117599487,pass,
42103,1,1,42103_ndvi.tif,1,EPSG:5070,90.0,90.0,597,626,0.48872691465848944,0,0.08934372663497925,0.9987242221832275,pass,
42125,1,1,42125_ndvi.tif,1,EPSG:5070,90.0,90.0,709,666,0.5862378598626835,0,-0.2519698441028595,0.9987759590148926,pass,
42129,1,1,42129_ndvi.tif,1,EPSG:5070,90.0,90.0,808,730,0.5652397260273972,0,-0.04252713918685913,0.999920666217804,pass,
42131,1,1,42131_ndvi.tif,1,EPSG:5070,90.0,90.0,441,432,0.6825606785924246,0,0.09630493819713593,0.9997660517692566,pass,
42133,1,1,42133_ndvi.tif,1,EPSG:5070,90.0,90.0,916,645,0.4955316340002031,0,0.009759733453392982,0.9978426694869995,pass,
44001,1,1,44001_ndvi.tif,1,EPSG:5070,90.0,90.0,132,149,0.4773235712833028,0,-0.08849877864122391,0.9850419163703918,pass,
44003,1,1,44003_ndvi.tif,1,EPSG:5070,90.0,90.0,390,298,0.4894940629839959,0,-0.1048114150762558,0.9992594718933105,pass,
44005,1,1,44005_ndvi.tif,1,EPSG:5070,90.0,90.0,272,321,0.4178577973245373,0,-0.3631308376789093,0.9722719788551331,pass,
44007,1,1,44007_ndvi.tif,1,EPSG:5070,90.0,90.0,500,449,0.6204008908685968,0,-0.11006879061460495,0.9992247223854065,pass,
44009,1,1,44009_ndvi.tif,1,EPSG:5070,90.0,90.0,371,655,0.46762823810209664,0,-0.4568329155445099,0.9977229833602905,pass,
45003,1,1,45003_ndvi.tif,1,EPSG:5070,90.0,90.0,814,862,0.4948536914894223,0,-0.12851160764694214,0.9994410872459412,pass,
45007,1,1,45007_ndvi.tif,1,EPSG:5070,90.0,90.0,680,785,0.45538403896590485,0,-0.38016456365585327,0.9998568296432495,pass,
45013,1,1,45013_ndvi.tif,1,EPSG:5070,90.0,90.0,577,781,0.5056198226066657,0,-0.5697919726371765,0.9996493458747864,pass,
45015,1,1,45015_ndvi.tif,1,EPSG:5070,90.0,90.0,939,833,0.5070475474534862,0,-0.9980487823486328,0.9998652935028076,pass,
45017,1,1,45017_ndvi.tif,1,EPSG:5070,90.0,90.0,612,445,0.46622604097818904,0,-0.496626615524292,0.9847840070724487,pass,
45019,1,1,45019_ndvi.tif,1,EPSG:5070,90.0,90.0,1126,1040,0.28218677414947396,0,-0.46716710925102234,0.9998235106468201,pass,
45023,1,1,45023_ndvi.tif,1,EPSG:5070,90.0,90.0,665,389,0.728940603436612,0,-0.3798011839389801,0.9998631477355957,pass,
45027,1,1,45027_ndvi.tif,1,EPSG:5070,90.0,90.0,619,697,0.5190627730661987,0,-0.4792386591434479,0.9996210336685181,pass,
45031,1,1,45031_ndvi.tif,1,EPSG:5070,90.0,90.0,645,593,0.47718211171679936,0,-0.0705486312508583,0.9997060298919678,pass,
45035,1,1,45035_ndvi.tif,1,EPSG:5070,90.0,90.0,775,575,0.41353380084151475,0,-0.249723419547081,0.9996711015701294,pass,
45037,1,1,45037_ndvi.tif,1,EPSG:5070,90.0,90.0,531,563,0.5459453492689487,0,-0.13387787342071533,0.9983218312263489,pass,
45039,1,1,45039_ndvi.tif,1,EPSG:5070,90.0,90.0,692,501,0.6580365280998697,0,-0.7162465453147888,0.9998162388801575,pass,
45041,1,1,45041_ndvi.tif,1,EPSG:5070,90.0,90.0,819,623,0.5073152280214881,0,-0.25046658515930176,0.9998977184295654,pass,
45045,1,1,45045_ndvi.tif,1,EPSG:5070,90.0,90.0,667,891,0.43123724333119634,0,-0.1930059939622879,0.9998480677604675,pass,
45051,1,1,45051_ndvi.tif,1,EPSG:5070,90.0,90.0,820,894,0.5016778523489933,0,-0.25003939867019653,0.9974014163017273,pass,
45053,1,1,45053_ndvi.tif,1,EPSG:5070,90.0,90.0,506,858,0.49863180297962906,0,-0.4755266308784485,0.9958427548408508,pass,
45055,1,1,45055_ndvi.tif,1,EPSG:5070,90.0,90.0,612,721,0.5400791384514971,0,-0.22479133307933807,0.9976775050163269,pass,
45057,1,1,45057_ndvi.tif,1,EPSG:5070,90.0,90.0,589,756,0.40246224881199416,0,-0.3797350227832794,0.999802827835083,pass,
45059,1,1,45059_ndvi.tif,1,EPSG:5070,90.0,90.0,663,686,0.5114485354581393,0,-0.3691982328891754,0.99983811378479,pass,
45063,1,1,45063_ndvi.tif,1,EPSG:5070,90.0,90.0,677,646,0.5569622858083605,0,-0.42944765090942383,0.9977635741233826,pass,
45077,1,1,45077_ndvi.tif,1,EPSG:5070,90.0,90.0,494,614,0.5453223700694985,0,-0.14332930743694305,0.9997836947441101,pass,
45079,1,1,45079_ndvi.tif,1,EPSG:5070,90.0,90.0,837,616,0.4825423978649785,0,-0.28850582242012024,0.99977707862854,pass,
45081,1,1,45081_ndvi.tif,1,EPSG:5070,90.0,90.0,522,447,0.6374938928745918,0,-0.022968854755163193,0.999621570110321,pass,
45083,1,1,45083_ndvi.tif,1,EPSG:5070,90.0,90.0,552,742,0.6430402554787297,0,-0.01895151287317276,0.9964022040367126,pass,
45085,1,1,45085_ndvi.tif,1,EPSG:5070,90.0,90.0,767,653,0.43918850117100694,0,-0.28518107533454895,0.98828125,pass,
45091,1,1,45091_ndvi.tif,1,EPSG:5070,90.0,90.0,654,470,0.7275034159672067,0,-0.21944202482700348,0.9996218681335449,pass,
46083,1,1,46083_ndvi.tif,1,EPSG:5070,90.0,90.0,440,521,0.8108183563077996,0,-0.08669067919254303,0.9772979617118835,pass,
46087,1,1,46087_ndvi.tif,1,EPSG:5070,90.0,90.0,434,440,0.970187473816506,0,-0.009719603694975376,0.9554076790809631,pass,
46093,1,1,46093_ndvi.tif,1,EPSG:5070,90.0,90.0,1451,1147,0.6706543363354017,0,-0.19978992640972137,0.9252808690071106,pass,
46099,1,1,46099_ndvi.tif,1,EPSG:5070,90.0,90.0,608,437,0.9828977478019992,0,-0.23845703899860382,0.97634357213974,pass,
46103,1,1,46103_ndvi.tif,1,EPSG:5070,90.0,90.0,1875,1016,0.4690283464566929,0,-0.3477115035057068,0.9322551488876343,pass,
46125,1,1,46125_ndvi.tif,1,EPSG:5070,90.0,90.0,431,523,0.8800113569314991,0,-0.05015716701745987,0.9640299081802368,pass,
46127,1,1,46127_ndvi.tif,1,EPSG:5070,90.0,90.0,326,753,0.6146212695231345,0,-0.08839535713195801,0.938875138759613,pass,
47001,1,1,47001_ndvi.tif,1,EPSG:5070,90.0,90.0,495,514,0.4380261761584719,0,-0.2801780104637146,0.9978983998298645,pass,
47009,1,1,47009_ndvi.tif,1,EPSG:5070,90.0,90.0,543,547,0.6147612458378364,0,-0.19756904244422913,0.9998255968093872,pass,
47011,1,1,47011_ndvi.tif,1,EPSG:5070,90.0,90.0,322,470,0.7060988502709131,0,-0.2269688993692398,0.9549461603164673,pass,
47013,1,1,47013_ndvi.tif,1,EPSG:5070,90.0,90.0,453,541,0.6552578211390075,0,0.021202774718403816,0.9993194937705994,pass,
47015,1,1,47015_ndvi.tif,1,EPSG:5070,90.0,90.0,307,406,0.6880345308964876,0,0.15504737198352814,0.9964792132377625,pass,
47019,1,1,47019_ndvi.tif,1,EPSG:5070,90.0,90.0,402,522,0.5339966832504146,0,-0.03168368712067604,0.9996862411499023,pass,
47021,1,1,47021_ndvi.tif,1,EPSG:5070,90.0,90.0,370,509,0.5273403069080869,0,-0.2750404477119446,0.999561071395874,pass,
47023,1,1,47023_ndvi.tif,1,EPSG:5070,90.0,90.0,492,443,0.4239708932078034,0,0.0603528656065464,0.9996790289878845,pass,
47033,1,1,47033_ndvi.tif,1,EPSG:5070,90.0,90.0,470,398,0.4592323318721266,0,0.05297909304499626,0.9996135234832764,pass,
47037,1,1,47037_ndvi.tif,1,EPSG:5070,90.0,90.0,527,544,0.5902235182498047,0,-0.3078322112560272,0.9998201727867126,pass,
47043,1,1,47043_ndvi.tif,1,EPSG:5070,90.0,90.0,412,463,0.828990962276416,0,-0.10428997874259949,0.9998781085014343,pass,
47047,1,1,47047_ndvi.tif,1,EPSG:5070,90.0,90.0,469,531,0.9095643654206771,0,0.0846758633852005,0.9986289143562317,pass,
47053,1,1,47053_ndvi.tif,1,EPSG:5070,90.0,90.0,517,526,0.7137110119069507,0,-0.25433698296546936,0.9997801780700684,pass,
47057,1,1,47057_ndvi.tif,1,EPSG:5070,90.0,90.0,450,460,0.4738405797101449,0,-0.05780186876654625,0.9970760345458984,pass,
47063,1,1,47063_ndvi.tif,1,EPSG:5070,90.0,90.0,371,336,0.45830926710306763,0,-0.06141117960214615,0.9970760345458984,pass,
47065,1,1,47065_ndvi.tif,1,EPSG:5070,90.0,90.0,511,629,0.5765651688294718,0,-0.4401607811450958,0.9986441731452942,pass,
47073,1,1,47073_ndvi.tif,1,EPSG:5070,90.0,90.0,640,499,0.5045841683366733,0,-0.012160454876720905,0.9997544884681702,pass,
47089,1,1,47089_ndvi.tif,1,EPSG:5070,90.0,90.0,469,333,0.6504350832709042,0,-0.11341411620378494,0.9990620613098145,pass,
47093,1,1,47093_ndvi.tif,1,EPSG:5070,90.0,90.0,607,512,0.5456072384678748,0,-0.272394597530365,0.9999226331710815,pass,
47105,1,1,47105_ndvi.tif,1,EPSG:5070,90.0,90.0,447,395,0.4545521479341885,0,-0.27463069558143616,0.9957046508789062,pass,
47111,1,1,47111_ndvi.tif,1,EPSG:5070,90.0,90.0,418,268,0.8823912732985789,0,0.08487480133771896,0.9992245435714722,pass,
47113,1,1,47113_ndvi.tif,1,EPSG:5070,90.0,90.0,470,481,0.7942539921263325,0,-0.2712847590446472,0.9998501539230347,pass,
47115,1,1,47115_ndvi.tif,1,EPSG:5070,90.0,90.0,528,444,0.7083759896259896,0,-0.468576580286026,0.9999339580535889,pass,
47119,1,1,47119_ndvi.tif,1,EPSG:5070,90.0,90.0,558,528,0.6723281199087651,0,-0.13928404450416565,0.9985736012458801,pass,
47125,1,1,47125_ndvi.tif,1,EPSG:5070,90.0,90.0,532,427,0.7697698579000194,0,-0.057550061494112015,0.9988294243812561,pass,
47129,1,1,47129_ndvi.tif,1,EPSG:5070,90.0,90.0,588,574,0.4985985683471995,0,0.01597851887345314,0.9974561929702759,pass,
47139,1,1,47139_ndvi.tif,1,EPSG:5070,90.0,90.0,454,402,0.7798452670567866,0,-0.1220543161034584,0.9998182654380798,pass,
47145,1,1,47145_ndvi.tif,1,EPSG:5070,90.0,90.0,508,534,0.4698826270311717,0,-0.24108943343162537,0.9912112951278687,pass,
47147,1,1,47147_ndvi.tif,1,EPSG:5070,90.0,90.0,568,399,0.6769785378940308,0,0.050029296427965164,0.9977185130119324,pass,
47149,1,1,47149_ndvi.tif,1,EPSG:5070,90.0,90.0,530,586,0.6471472728443557,0,-0.17594562470912933,0.9997707605361938,pass,
47153,1,1,47153_ndvi.tif,1,EPSG:5070,90.0,90.0,405,516,0.4117188247679204,0,0.1159958690404892,0.9990826845169067,pass,
47157,1,1,47157_ndvi.tif,1,EPSG:5070,90.0,90.0,671,552,0.677873712175209,0,-0.2901642322540283,0.9760599136352539,pass,
47159,1,1,47159_ndvi.tif,1,EPSG:5070,90.0,90.0,364,431,0.6692970602483364,0,-0.02370270900428295,0.9985684752464294,pass,
47161,1,1,47161_ndvi.tif,1,EPSG:5070,90.0,90.0,504,419,0.7513448497935371,0,-0.1588159054517746,0.9968507289886475,pass,
47163,1,1,47163_ndvi.tif,1,EPSG:5070,90.0,90.0,827,355,0.4723027402626156,0,-0.004703311249613762,0.9998781681060791,pass,
47165,1,1,47165_ndvi.tif,1,EPSG:5070,90.0,90.0,517,531,0.6380720293450188,0,-0.2221347987651825,0.9995387196540833,pass,
47167,1,1,47167_ndvi.tif,1,EPSG:5070,90.0,90.0,703,381,0.5650175662608319,0,-0.1606517732143402,0.9834515452384949,pass,
47169,1,1,47169_ndvi.tif,1,EPSG:5070,90.0,90.0,301,239,0.526710129415199,0,0.05866168066859245,0.9982614517211914,pass,
47171,1,1,47171_ndvi.tif,1,EPSG:5070,90.0,90.0,359,412,0.40763853206047,0,0.11159633100032806,0.9998134970664978,pass,
47173,1,1,47173_ndvi.tif,1,EPSG:5070,90.0,90.0,325,353,0.6963695794290695,0,0.019627835601568222,0.9992799758911133,pass,
47179,1,1,47179_ndvi.tif,1,EPSG:5070,90.0,90.0,402,458,0.5780323274457407,0,0.025260554626584053,0.9999698400497437,pass,
47187,1,1,47187_ndvi.tif,1,EPSG:5070,90.0,90.0,621,425,0.712118973193142,0,0.047854986041784286,0.9981973767280579,pass,
47189,1,1,47189_ndvi.tif,1,EPSG:5070,90.0,90.0,609,484,0.636780930668078,0,-0.24290220439434052,0.9970422387123108,pass,
48009,1,1,48009_ndvi.tif,1,EPSG:5070,90.0,90.0,559,560,0.9489170713007923,0,-0.5520868897438049,0.9048518538475037,pass,
48011,1,1,48011_ndvi.tif,1,EPSG:5070,90.0,90.0,577,571,0.8899829117938974,0,0.016565077006816864,0.9310811161994934,pass,
48013,1,1,48013_ndvi.tif,1,EPSG:5070,90.0,90.0,770,799,0.6372202265819287,0,-0.4157993793487549,0.9997504353523254,pass,
48015,1,1,48015_ndvi.tif,1,EPSG:5070,90.0,90.0,662,612,0.5220637600458109,0,-0.4189454913139343,0.9997779726982117,pass,
48019,1,1,48019_ndvi.tif,1,EPSG:5070,90.0,90.0,891,462,0.6225628094314963,0,-0.3718421459197998,0.9993510842323303,pass,
48021,1,1,48021_ndvi.tif,1,EPSG:5070,90.0,90.0,669,782,0.5500059255521277,0,-0.2537875473499298,0.9997481107711792,pass,
48027,1,1,48027_ndvi.tif,1,EPSG:5070,90.0,90.0,891,704,0.5581286348331803,0,-0.36170321702957153,0.9997087121009827,pass,
48029,1,1,48029_ndvi.tif,1,EPSG:5070,90.0,90.0,750,801,0.6715422388680816,0,-0.5902132391929626,0.9998160600662231,pass,
48037,1,1,48037_ndvi.tif,1,EPSG:5070,90.0,90.0,731,587,0.6935797733379632,0,-0.28846096992492676,0.9995484352111816,pass,
48039,1,1,48039_ndvi.tif,1,EPSG:5070,90.0,90.0,884,955,0.5545059344720571,0,-0.6000301837921143,0.9998429417610168,pass,
48041,1,1,48041_ndvi.tif,1,EPSG:5070,90.0,90.0,555,795,0.43258428239560315,0,-0.393979012966156,0.9998288750648499,pass,
48051,1,1,48051_ndvi.tif,1,EPSG:5070,90.0,90.0,736,538,0.5505621666397285,0,-0.5146204233169556,0.9998120665550232,pass,
48055,1,1,48055_ndvi.tif,1,EPSG:5070,90.0,90.0,626,546,0.5148012264625683,0,-0.48554307222366333,0.9991925954818726,pass,
48059,1,1,48059_ndvi.tif,1,EPSG:5070,90.0,90.0,558,559,0.9271644834285494,0,-0.4103473126888275,0.8912782669067383,pass,
48061,1,1,48061_ndvi.tif,1,EPSG:5070,90.0,90.0,801,701,0.5777389532698962,0,-0.9709948897361755,0.9998229742050171,pass,
48065,1,1,48065_ndvi.tif,1,EPSG:5070,90.0,90.0,568,580,0.8999150072850899,0,-0.02261238358914852,0.9208866357803345,pass,
48071,1,1,48071_ndvi.tif,1,EPSG:5070,90.0,90.0,681,457,0.6551666522073023,0,-0.4057842791080475,0.9997290968894958,pass,
48077,1,1,48077_ndvi.tif,1,EPSG:5070,90.0,90.0,502,866,0.8245010719247721,0,-0.42187589406967163,0.9120702743530273,pass,
48085,1,1,48085_ndvi.tif,1,EPSG:5070,90.0,90.0,569,530,0.9428225619259211,0,-0.3564680814743042,0.9983653426170349,pass,
48091,1,1,48091_ndvi.tif,1,EPSG:5070,90.0,90.0,696,547,0.48536426485112105,0,-0.994350254535675,0.9981458783149719,pass,
48099,1,1,48099_ndvi.tif,1,EPSG:5070,90.0,90.0,799,790,0.537737044723626,0,-0.21835899353027344,0.9998394846916199,pass,
48107,1,1,48107_ndvi.tif,1,EPSG:5070,90.0,90.0,559,568,0.9111057219884603,0,-0.4502110481262207,0.9039057493209839,pass,
48113,1,1,48113_ndvi.tif,1,EPSG:5070,90.0,90.0,545,556,0.962213715266319,0,-0.3943791389465332,0.9973839521408081,pass,
48121,1,1,48121_ndvi.tif,1,EPSG:5070,90.0,90.0,588,557,0.9322139987054068,0,-0.8836110234260559,0.9968918561935425,pass,
48135,1,1,48135_ndvi.tif,1,EPSG:5070,90.0,90.0,573,574,0.8799460021526169,0,-0.4412335455417633,0.8821424245834351,pass,
48139,1,1,48139_ndvi.tif,1,EPSG:5070,90.0,90.0,735,618,0.6730995310745658,0,-0.3922485113143921,0.9956815838813782,pass,
48141,1,1,48141_ndvi.tif,1,EPSG:5070,90.0,90.0,688,826,0.5738006081423503,0,-0.299026221036911,0.9029414057731628,pass,
48145,1,1,48145_ndvi.tif,1,EPSG:5070,90.0,90.0,719,661,0.5232788858285693,0,-0.3798506259918213,0.9971820712089539,pass,
48157,1,1,48157_ndvi.tif,1,EPSG:5070,90.0,90.0,716,649,0.6125689716022071,0,-0.4033333361148834,0.9984180927276611,pass,
48167,1,1,48167_ndvi.tif,1,EPSG:5070,90.0,90.0,929,643,0.22469686798460525,0,-0.4649535119533539,0.9995296001434326,pass,
48175,1,1,48175_ndvi.tif,1,EPSG:5070,90.0,90.0,680,661,0.6144989765951766,0,-0.29823657870292664,0.9997783899307251,pass,
48181,1,1,48181_ndvi.tif,1,EPSG:5070,90.0,90.0,582,702,0.7696468607121528,0,-0.36579909920692444,0.9998129606246948,pass,
48183,1,1,48183_ndvi.tif,1,EPSG:5070,90.0,90.0,427,380,0.5483791445827684,0,-0.15713563561439514,0.9888624548912048,pass,
48187,1,1,48187_ndvi.tif,1,EPSG:5070,90.0,90.0,735,603,0.5191322300064304,0,-0.3287954032421112,0.9925997853279114,pass,
48199,1,1,48199_ndvi.tif,1,EPSG:5070,90.0,90.0,704,537,0.7631332529202641,0,-0.3093354105949402,0.9998418092727661,pass,
48201,1,1,48201_ndvi.tif,1,EPSG:5070,90.0,90.0,1131,828,0.6074654980202207,0,-0.4880704879760742,0.9998703002929688,pass,
48203,1,1,48203_ndvi.tif,1,EPSG:5070,90.0,90.0,693,573,0.7413426209237728,0,-0.5128409266471863,0.9998108148574829,pass,
48209,1,1,48209_ndvi.tif,1,EPSG:5070,90.0,90.0,631,749,0.4619873513337382,0,-0.8732575178146362,0.9997881650924683,pass,
48215,1,1,48215_ndvi.tif,1,EPSG:5070,90.0,90.0,816,919,0.6781641383430412,0,-0.3127034604549408,0.99984210729599,pass,
48229,1,1,48229_ndvi.tif,1,EPSG:5070,90.0,90.0,1202,1797,0.6782060505723627,0,-0.3283235728740692,0.8936843276023865,pass,
48231,1,1,48231_ndvi.tif,1,EPSG:5070,90.0,90.0,454,710,0.878454427002544,0,-0.3136676549911499,0.998609721660614,pass,
48235,1,1,48235_ndvi.tif,1,EPSG:5070,90.0,90.0,643,578,0.9075376559918634,0,-0.4331452548503876,0.9625807404518127,pass,
48245,1,1,48245_ndvi.tif,1,EPSG:5070,90.0,90.0,663,777,0.6151225562990269,0,-0.5567870736122131,0.9972600340843201,pass,
48251,1,1,48251_ndvi.tif,1,EPSG:5070,90.0,90.0,556,525,0.8079136690647482,0,-0.32596638798713684,0.9976755976676941,pass,
48253,1,1,48253_ndvi.tif,1,EPSG:5070,90.0,90.0,576,575,0.908082729468599,0,-0.312505841255188,0.9003179669380188,pass,
48257,1,1,48257_ndvi.tif,1,EPSG:5070,90.0,90.0,472,605,0.9085130970724191,0,-0.3146841824054718,0.994350254535675,pass,
48259,1,1,48259_ndvi.tif,1,EPSG:5070,90.0,90.0,547,527,0.7387440203421111,0,-0.2582074999809265,0.9979892373085022,pass,
48281,1,1,48281_ndvi.tif,1,EPSG:5070,90.0,90.0,697,537,0.6127858419563492,0,-0.162006676197052,0.9924380779266357,pass,
48291,1,1,48291_ndvi.tif,1,EPSG:5070,90.0,90.0,782,754,0.640502147116487,0,-0.3907427489757538,0.9998894333839417,pass,
48303,1,1,48303_ndvi.tif,1,EPSG:5070,90.0,90.0,558,566,0.9152545056169814,0,-0.38566210865974426,0.9199950695037842,pass,
48305,1,1,48305_ndvi.tif,1,EPSG:5070,90.0,90.0,567,564,0.8964595294382528,0,-0.3401159346103668,0.9112992882728577,pass,
48309,1,1,48309_ndvi.tif,1,EPSG:5070,90.0,90.0,844,763,0.5287543557794439,0,-0.3861725926399231,0.9989042282104492,pass,
48317,1,1,48317_ndvi.tif,1,EPSG:5070,90.0,90.0,578,573,0.8871688496772284,0,-0.40895435214042664,0.9231712818145752,pass,
48325,1,1,48325_ndvi.tif,1,EPSG:5070,90.0,90.0,680,739,0.8520476796943405,0,-0.42347314953804016,0.9971461296081543,pass,
48329,1,1,48329_ndvi.tif,1,EPSG:5070,90.0,90.0,569,573,0.8878133463379924,0,-0.5001462697982788,0.8997133374214172,pass,
48339,1,1,48339_ndvi.tif,1,EPSG:5070,90.0,90.0,786,742,0.5933314129338902,0,-0.561141848564148,0.9998306035995483,pass,
48355,1,1,48355_ndvi.tif,1,EPSG:5070,90.0,90.0,992,542,0.5229250982025949,0,-0.9657135009765625,0.9975654482841492,pass,
48359,1,1,48359_ndvi.tif,1,EPSG:5070,90.0,90.0,917,607,0.8647692586850251,0,-0.361383855342865,0.9116231799125671,pass,
48361,1,1,48361_ndvi.tif,1,EPSG:5070,90.0,90.0,462,472,0.56159200968523,0,-0.4771215319633484,0.997422456741333,pass,
48367,1,1,48367_ndvi.tif,1,EPSG:5070,90.0,90.0,552,566,0.9347057919803349,0,-0.28024837374687195,0.9997792840003967,pass,
48375,1,1,48375_ndvi.tif,1,EPSG:5070,90.0,90.0,578,577,0.8871684467445863,0,-0.4467853307723999,0.9026545882225037,pass,
48381,1,1,48381_ndvi.tif,1,EPSG:5070,90.0,90.0,583,575,0.8833231411738385,0,-0.15421907603740692,0.9144275188446045,pass,
48395,1,1,48395_ndvi.tif,1,EPSG:5070,90.0,90.0,631,817,0.5401928511988703,0,-0.46683433651924133,0.9998247027397156,pass,
48397,1,1,48397_ndvi.tif,1,EPSG:5070,90.0,90.0,231,212,0.9814996324430286,0,-0.2816423177719116,0.8975293636322021,pass,
48401,1,1,48401_ndvi.tif,1,EPSG:5070,90.0,90.0,567,703,0.7564807915685109,0,-0.35435789823532104,0.9998595118522644,pass,
48409,1,1,48409_ndvi.tif,1,EPSG:5070,90.0,90.0,846,448,0.6004754517055049,0,-0.6048389673233032,0.9992966651916504,pass,
48423,1,1,48423_ndvi.tif,1,EPSG:5070,90.0,90.0,639,683,0.6995053123360302,0,-0.35339751839637756,0.9984976053237915,pass,
48431,1,1,48431_ndvi.tif,1,EPSG:5070,90.0,90.0,502,672,0.8783615537848606,0,0.03531206399202347,0.8436881899833679,pass,
48439,1,1,48439_ndvi.tif,1,EPSG:5070,90.0,90.0,546,560,0.9484039769754056,0,-0.40832459926605225,0.9885277152061462,pass,
48441,1,1,48441_ndvi.tif,1,EPSG:5070,90.0,90.0,566,570,0.9142303638956047,0,-0.28391459584236145,0.8833622932434082,pass,
48451,1,1,48451_ndvi.tif,1,EPSG:5070,90.0,90.0,1218,801,0.5069432913291883,0,-0.33149418234825134,0.9463266134262085,pass,
48453,1,1,48453_ndvi.tif,1,EPSG:5070,90.0,90.0,858,753,0.5099973068100558,0,-0.3166978061199188,0.9998131990432739,pass,
48459,1,1,48459_ndvi.tif,1,EPSG:5070,90.0,90.0,498,486,0.7872147024311237,0,-0.34337669610977173,0.9971492290496826,pass,
48469,1,1,48469_ndvi.tif,1,EPSG:5070,90.0,90.0,720,762,0.5213473315835521,0,-0.505952000617981,0.9998011589050293,pass,
48473,1,1,48473_ndvi.tif,1,EPSG:5070,90.0,90.0,417,639,0.6274266971399406,0,-0.35151201486587524,0.9997776746749878,pass,
48479,1,1,48479_ndvi.tif,1,EPSG:5070,90.0,90.0,1536,1197,0.5887603122389307,0,-0.3884812593460083,0.9995999932289124,pass,
48485,1,1,48485_ndvi.tif,1,EPSG:5070,90.0,90.0,549,484,0.7654036640623824,0,-0.32490962743759155,0.8947190046310425,pass,
48491,1,1,48491_ndvi.tif,1,EPSG:5070,90.0,90.0,949,629,0.6090588201788847,0,-0.40249860286712646,0.9997028112411499,pass,
48493,1,1,48493_ndvi.tif,1,EPSG:5070,90.0,90.0,738,688,0.5116771443877229,0,-0.3513433635234833,0.9998809695243835,pass,
48497,1,1,48497_ndvi.tif,1,EPSG:5070,90.0,90.0,564,559,0.9390153389411182,0,-0.4769642949104309,0.9974674582481384,pass,
49003,1,1,49003_ndvi.tif,1,EPSG:5070,90.0,90.0,2080,1424,0.7275037813310286,0,-0.9997257590293884,0.9979243874549866,pass,
49005,1,1,49005_ndvi.tif,1,EPSG:5070,90.0,90.0,622,835,0.7255405587538749,0,-0.3912978768348694,0.9600877165794373,pass,
49011,1,1,49011_ndvi.tif,1,EPSG:5070,90.0,90.0,645,460,0.6840916750926862,0,-0.9996433854103088,0.9396044015884399,pass,
49023,1,1,49023_ndvi.tif,1,EPSG:5070,90.0,90.0,2345,1067,0.4366378044174628,0,-0.7276977300643921,0.9766642451286316,pass,
49029,1,1,49029_ndvi.tif,1,EPSG:5070,90.0,90.0,607,706,0.4597822383803688,0,-0.05479881539940834,0.9339403510093689,pass,
49035,1,1,49035_ndvi.tif,1,EPSG:5070,90.0,90.0,617,628,0.6676000578100321,0,-0.9846844673156738,0.982621967792511,pass,
49045,1,1,49045_ndvi.tif,1,EPSG:5070,90.0,90.0,1882,1628,0.7611554047526418,0,-0.9994750618934631,0.9957894682884216,pass,
49049,1,1,49049_ndvi.tif,1,EPSG:5070,90.0,90.0,1206,1052,0.5426999981083177,0,-0.685951828956604,0.931313157081604,pass,
49053,1,1,49053_ndvi.tif,1,EPSG:5070,90.0,90.0,1218,947,0.6755955632079872,0,-0.5783171653747559,0.9808917045593262,pass,
49057,1,1,49057_ndvi.tif,1,EPSG:5070,90.0,90.0,1037,379,0.5412126007892668,0,-0.9833455681800842,0.9852493405342102,pass,
50007,1,1,50007_ndvi.tif,1,EPSG:5070,90.0,90.0,533,618,0.6062769813657808,0,-0.35432809591293335,0.997873842716217,pass,
50011,1,1,50011_ndvi.tif,1,EPSG:5070,90.0,90.0,637,532,0.6536277900402497,0,-0.11228840798139572,0.999819815158844,pass,
50013,1,1,50013_ndvi.tif,1,EPSG:5070,90.0,90.0,203,577,0.5349651245187013,0,-0.2331848442554474,0.9997233152389526,pass,
51003,1,1,51003_ndvi.tif,1,EPSG:5070,90.0,90.0,580,681,0.5914046280824345,0,0.0887920930981636,0.9993996620178223,pass,
51007,1,1,51007_ndvi.tif,1,EPSG:5070,90.0,90.0,596,337,0.5763298349033119,0,-0.11045318096876144,0.9992011189460754,pass,
51009,1,1,51009_ndvi.tif,1,EPSG:5070,90.0,90.0,561,513,0.5362639119089068,0,0.12175559252500534,0.994956910610199,pass,
51011,1,1,51011_ndvi.tif,1,EPSG:5070,90.0,90.0,430,428,0.5873071071506194,0,0.13653519749641418,0.9946833848953247,pass,
51013,1,1,51013_ndvi.tif,1,EPSG:5070,90.0,90.0,143,126,0.4763014763014763,0,-0.08749345690011978,0.994136393070221,pass,
51015,1,1,51015_ndvi.tif,1,EPSG:5070,90.0,90.0,734,709,0.6002890051229233,0,-0.008830477483570576,0.999744713306427,pass,
51019,1,1,51019_ndvi.tif,1,EPSG:5070,90.0,90.0,604,758,0.5458792744937008,0,0.014624325558543205,0.9996715188026428,pass,
51023,1,1,51023_ndvi.tif,1,EPSG:5070,90.0,90.0,534,610,0.5397986123902498,0,0.07899712771177292,0.9989266395568848,pass,
51031,1,1,51031_ndvi.tif,1,EPSG:5070,90.0,90.0,564,533,0.5434746450574162,0,0.13143008947372437,0.9971836805343628,pass,
51036,1,1,51036_ndvi.tif,1,EPSG:5070,90.0,90.0,396,268,0.6120251017639078,0,-0.1781647503376007,0.9980428814888,pass,
51041,1,1,51041_ndvi.tif,1,EPSG:5070,90.0,90.0,616,401,0.5713840399002493,0,-0.1421385258436203,0.9983745217323303,pass,
51043,1,1,51043_ndvi.tif,1,EPSG:5070,90.0,90.0,281,345,0.5943266800763319,0,-0.03158373758196831,0.9891090393066406,pass,
51045,1,1,51045_ndvi.tif,1,EPSG:5070,90.0,90.0,460,488,0.47334729151817534,0,0.2703092098236084,0.9999589920043945,pass,
51047,1,1,51047_ndvi.tif,1,EPSG:5070,90.0,90.0,618,508,0.39404161251688197,0,0.03412884473800659,0.978692352771759,pass,
51053,1,1,51053_ndvi.tif,1,EPSG:5070,90.0,90.0,519,491,0.640861126480895,0,0.026728643104434013,0.9988978505134583,pass,
51059,1,1,51059_ndvi.tif,1,EPSG:5070,90.0,90.0,495,514,0.5104193687851275,0,-0.19031141698360443,0.998939573764801,pass,
51061,1,1,51061_ndvi.tif,1,EPSG:5070,90.0,90.0,639,695,0.47246034158588623,0,-0.04359353333711624,0.9698649644851685,pass,
51065,1,1,51065_ndvi.tif,1,EPSG:5070,90.0,90.0,384,377,0.6477467396109637,0,0.20520174503326416,0.9817816615104675,pass,
51067,1,1,51067_ndvi.tif,1,EPSG:5070,90.0,90.0,586,596,0.6556050576081728,0,-0.06603851914405823,0.9996625185012817,pass,
51069,1,1,51069_ndvi.tif,1,EPSG:5070,90.0,90.0,430,556,0.5615442529697172,0,0.05025467276573181,0.999792754650116,pass,
51071,1,1,51071_ndvi.tif,1,EPSG:5070,90.0,90.0,555,466,0.45115029192282413,0,0.11023664474487305,0.9986433982849121,pass,
51073,1,1,51073_ndvi.tif,1,EPSG:5070,90.0,90.0,383,411,0.5108853779548068,0,-0.32271963357925415,0.9414576888084412,pass,
51075,1,1,51075_ndvi.tif,1,EPSG:5070,90.0,90.0,559,344,0.4889129259058951,0,-0.0015715633053332567,0.9867843985557556,pass,
51079,1,1,51079_ndvi.tif,1,EPSG:5070,90.0,90.0,357,343,0.4147454900327478,0,0.0951082706451416,0.9919583201408386,pass,
51085,1,1,51085_ndvi.tif,1,EPSG:5070,90.0,90.0,675,492,0.45967780788919,0,-0.273131787776947,0.995587944984436,pass,
51087,1,1,51087_ndvi.tif,1,EPSG:5070,90.0,90.0,492,388,0.4169076355712011,0,0.025154979899525642,0.9991922974586487,pass,
51093,1,1,51093_ndvi.tif,1,EPSG:5070,90.0,90.0,370,653,0.43179918049749594,0,-0.3242984116077423,0.9734576344490051,pass,
51095,1,1,51095_ndvi.tif,1,EPSG:5070,90.0,90.0,365,341,0.4094243361587595,0,-0.29970818758010864,0.9448394179344177,pass,
51097,1,1,51097_ndvi.tif,1,EPSG:5070,90.0,90.0,626,586,0.2883986304506646,0,-0.14730311930179596,0.9731810092926025,pass,
51101,1,1,51101_ndvi.tif,1,EPSG:5070,90.0,90.0,602,404,0.3825614289003651,0,-0.0985659807920456,0.9928457140922546,pass,
51107,1,1,51107_ndvi.tif,1,EPSG:5070,90.0,90.0,583,561,0.5130571174360903,0,-0.0498807355761528,0.962592363357544,pass,
51113,1,1,51113_ndvi.tif,1,EPSG:5070,90.0,90.0,387,468,0.5737869652598335,0,0.12280008941888809,0.9996376633644104,pass,
51115,1,1,51115_ndvi.tif,1,EPSG:5070,90.0,90.0,223,250,0.572627802690583,0,-0.6717814207077026,0.9554036855697632,pass,
51121,1,1,51121_ndvi.tif,1,EPSG:5070,90.0,90.0,447,508,0.5536648522961476,0,0.0018242554506286979,0.9998812079429626,pass,
51125,1,1,51125_ndvi.tif,1,EPSG:5070,90.0,90.0,539,629,0.4512802664063168,0,0.14865949749946594,0.9975488185882568,pass,
51127,1,1,51127_ndvi.tif,1,EPSG:5070,90.0,90.0,494,264,0.5573702613176298,0,-0.19413313269615173,0.9923467040061951,pass,
51145,1,1,51145_ndvi.tif,1,EPSG:5070,90.0,90.0,433,342,0.5724578960874087,0,0.13470792770385742,0.984804093837738,pass,
51149,1,1,51149_ndvi.tif,1,EPSG:5070,90.0,90.0,390,457,0.511698367278236,0,-0.6118850708007812,0.9908419847488403,pass,
51153,1,1,51153_ndvi.tif,1,EPSG:5070,90.0,90.0,510,479,0.4541896925784928,0,-0.18584828078746796,0.9960182905197144,pass,
51155,1,1,51155_ndvi.tif,1,EPSG:5070,90.0,90.0,401,472,0.561863350099328,0,-0.004468212835490704,0.9997811317443848,pass,
51157,1,1,51157_ndvi.tif,1,EPSG:5070,90.0,90.0,377,432,0.5296996266823853,0,0.2199239730834961,0.9997225403785706,pass,
51161,1,1,51161_ndvi.tif,1,EPSG:5070,90.0,90.0,428,402,0.474990700702097,0,0.08675339072942734,0.9998226761817932,pass,
51165,1,1,51165_ndvi.tif,1,EPSG:5070,90.0,90.0,712,748,0.5158475034549059,0,0.013597032986581326,0.997814953327179,pass,
51169,1,1,51169_ndvi.tif,1,EPSG:5070,90.0,90.0,674,440,0.5845528729430807,0,0.11775821447372437,0.9960728287696838,pass,
51175,1,1,51175_ndvi.tif,1,EPSG:5070,90.0,90.0,608,641,0.4982628910419575,0,-0.23803427815437317,0.976546049118042,pass,
51177,1,1,51177_ndvi.tif,1,EPSG:5070,90.0,90.0,516,475,0.5455813953488372,0,0.015370284207165241,0.9981608390808105,pass,
51179,1,1,51179_ndvi.tif,1,EPSG:5070,90.0,90.0,356,409,0.6184308123403203,0,-0.18256746232509613,0.9799617528915405,pass,
51183,1,1,51183_ndvi.tif,1,EPSG:5070,90.0,90.0,625,548,0.4635124087591241,0,-0.39953166246414185,0.998266339302063,pass,
51187,1,1,51187_ndvi.tif,1,EPSG:5070,90.0,90.0,331,364,0.5849656385910162,0,-0.114192433655262,0.9985925555229187,pass,
51191,1,1,51191_ndvi.tif,1,EPSG:5070,90.0,90.0,722,477,0.5296491808800385,0,0.002189839258790016,0.999378502368927,pass,
51199,1,1,51199_ndvi.tif,1,EPSG:5070,90.0,90.0,409,307,0.3241002524629071,0,-0.5733415484428406,0.9853500127792358,pass,
51510,1,1,51510_ndvi.tif,1,EPSG:5070,90.0,90.0,106,72,0.672038784067086,0,-0.1061205118894577,0.925573468208313,pass,
51520,1,1,51520_ndvi.tif,1,EPSG:5070,90.0,90.0,126,117,0.3014516347849681,0,0.08922099322080612,0.9636131525039673,pass,
51540,1,1,51540_ndvi.tif,1,EPSG:5070,90.0,90.0,69,82,0.6187698833510075,0,0.1366911232471466,0.9547411799430847,pass,
51550,1,1,51550_ndvi.tif,1,EPSG:5070,90.0,90.0,411,407,0.6759446905432307,0,-0.14076969027519226,0.9997186660766602,pass,
51570,1,1,51570_ndvi.tif,1,EPSG:5070,90.0,90.0,66,90,0.45067340067340067,0,0.09580285847187042,0.9153785705566406,pass,
51600,1,1,51600_ndvi.tif,1,EPSG:5070,90.0,90.0,65,51,0.6470588235294118,0,0.11008691042661667,0.9187343120574951,pass,
51610,1,1,51610_ndvi.tif,1,EPSG:5070,90.0,90.0,49,27,0.5510204081632653,0,0.11686136573553085,0.8718443512916565,pass,
51620,1,1,51620_ndvi.tif,1,EPSG:5070,90.0,90.0,71,73,0.5473663901215512,0,0.11944089829921722,0.9385765194892883,pass,
51630,1,1,51630_ndvi.tif,1,EPSG:5070,90.0,90.0,88,64,0.6276633522727273,0,0.0947037935256958,0.9784217476844788,pass,
51650,1,1,51650_ndvi.tif,1,EPSG:5070,90.0,90.0,171,167,0.6699583289561228,0,-0.7695993781089783,0.9408042430877686,pass,
51660,1,1,51660_ndvi.tif,1,EPSG:5070,90.0,90.0,88,130,0.5066433566433567,0,-0.17644597589969635,0.9872973561286926,pass,
51670,1,1,51670_ndvi.tif,1,EPSG:5070,90.0,90.0,86,85,0.4987688098495212,0,-0.040060169994831085,0.9319047927856445,pass,
51680,1,1,51680_ndvi.tif,1,EPSG:5070,90.0,90.0,189,172,0.49923095853328414,0,0.10100217163562775,0.9960175156593323,pass,
51683,1,1,51683_ndvi.tif,1,EPSG:5070,90.0,90.0,70,98,0.4924198250728863,0,0.10059492290019989,0.903336226940155,pass,
51685,1,1,51685_ndvi.tif,1,EPSG:5070,90.0,90.0,60,44,0.4166666666666667,0,0.13553006947040558,0.9073076844215393,pass,
51700,1,1,51700_ndvi.tif,1,EPSG:5070,90.0,90.0,265,285,0.3056206554121152,0,-0.28881320357322693,0.9261130690574646,pass,
51710,1,1,51710_ndvi.tif,1,EPSG:5070,90.0,90.0,171,182,0.6278838120943384,0,-0.31064146757125854,0.9127233624458313,pass,
51730,1,1,51730_ndvi.tif,1,EPSG:5070,90.0,90.0,120,107,0.5886292834890966,0,0.0778769925236702,0.9919315576553345,pass,
51735,1,1,51735_ndvi.tif,1,EPSG:5070,90.0,90.0,125,88,0.5920909090909091,0,-0.3820303976535797,0.9133837223052979,pass,
51740,1,1,51740_ndvi.tif,1,EPSG:5070,90.0,90.0,141,173,0.482679457221334,0,-0.4257325232028961,0.9272527694702148,pass,
51750,1,1,51750_ndvi.tif,1,EPSG:5070,90.0,90.0,83,86,0.4775847576351919,0,0.11652323603630066,0.9928895831108093,pass,
51760,1,1,51760_ndvi.tif,1,EPSG:5070,90.0,90.0,212,189,0.5118298891883798,0,-0.015201005153357983,0.9855009913444519,pass,
51770,1,1,51770_ndvi.tif,1,EPSG:5070,90.0,90.0,145,153,0.6362407031778229,0,0.08510241657495499,0.9369120001792908,pass,
51775,1,1,51775_ndvi.tif,1,EPSG:5070,90.0,90.0,106,92,0.5018457752255947,0,0.09352719783782959,0.9889691472053528,pass,
51790,1,1,51790_ndvi.tif,1,EPSG:5070,90.0,90.0,94,99,0.7070707070707071,0,0.07949469238519669,0.9461592435836792,pass,
51800,1,1,51800_ndvi.tif,1,EPSG:5070,90.0,90.0,427,537,0.5851355653535341,0,-0.26597025990486145,0.998214840888977,pass,
51810,1,1,51810_ndvi.tif,1,EPSG:5070,90.0,90.0,421,486,0.4838421160669775,0,-0.3699057102203369,0.9687533378601074,pass,
51820,1,1,51820_ndvi.tif,1,EPSG:5070,90.0,90.0,90,90,0.6224691358024691,0,0.0437164232134819,0.9991782307624817,pass,
51830,1,1,51830_ndvi.tif,1,EPSG:5070,90.0,90.0,87,73,0.49031648559282004,0,0.08984830975532532,0.9190877079963684,pass,
51840,1,1,51840_ndvi.tif,1,EPSG:5070,90.0,90.0,60,93,0.553763440860215,0,0.06472084671258926,0.9093620181083679,pass,
53003,1,1,53003_ndvi.tif,1,EPSG:5070,90.0,90.0,516,622,0.6419558064757347,0,-0.14903104305267334,0.9351673722267151,pass,
53005,1,1,53005_ndvi.tif,1,EPSG:5070,90.0,90.0,847,1032,0.6461222005619469,0,-0.3793489634990692,0.9937694668769836,pass,
53007,1,1,53007_ndvi.tif,1,EPSG:5070,90.0,90.0,1127,1688,0.5043550801734252,0,-0.45121443271636963,0.9997835159301758,pass,
53011,1,1,53011_ndvi.tif,1,EPSG:5070,90.0,90.0,567,615,0.604958345879755,0,-0.1626414954662323,0.9998863935470581,pass,
53015,1,1,53015_ndvi.tif,1,EPSG:5070,90.0,90.0,877,739,0.578104097651145,0,-0.1673266738653183,0.9998964667320251,pass,
53017,1,1,53017_ndvi.tif,1,EPSG:5070,90.0,90.0,1284,1003,0.4610164832604989,0,-0.3216065466403961,0.9309778213500977,pass,
53021,1,1,53021_ndvi.tif,1,EPSG:5070,90.0,90.0,1053,720,0.5359053497942387,0,-0.4058001935482025,0.9981093406677246,pass,
53033,1,1,53033_ndvi.tif,1,EPSG:5070,90.0,90.0,1309,1048,0.5122478554225298,0,-0.2604556977748871,0.9999576807022095,pass,
53035,1,1,53035_ndvi.tif,1,EPSG:5070,90.0,90.0,539,649,0.38079420029673167,0,-0.9660056829452515,0.9985514283180237,pass,
53053,1,1,53053_ndvi.tif,1,EPSG:5070,90.0,90.0,1135,1044,0.46039124343848636,0,-0.5103800892829895,0.9999402761459351,pass,
53057,1,1,53057_ndvi.tif,1,EPSG:5070,90.0,90.0,1655,767,0.4386903894405559,0,-0.9765853881835938,0.9999438524246216,pass,
53059,1,1,53059_ndvi.tif,1,EPSG:5070,90.0,90.0,884,994,0.6156805083897048,0,-0.3060035705566406,0.9998267889022827,pass,
53061,1,1,53061_ndvi.tif,1,EPSG:5070,90.0,90.0,1328,892,0.5708464463234102,0,-0.6616287231445312,0.9998393654823303,pass,
53063,1,1,53063_ndvi.tif,1,EPSG:5070,90.0,90.0,857,1037,0.6428842286957823,0,-0.23108968138694763,0.9995255470275879,pass,
53065,1,1,53065_ndvi.tif,1,EPSG:5070,90.0,90.0,1059,1563,0.4925704605498856,0,-0.1975799798965454,0.9989757537841797,pass,
53067,1,1,53067_ndvi.tif,1,EPSG:5070,90.0,90.0,784,678,0.4601243152128108,0,-0.9842105507850647,0.9994499087333679,pass,
53071,1,1,53071_ndvi.tif,1,EPSG:5070,90.0,90.0,894,811,0.575486115133911,0,-0.2574670910835266,0.9530305862426758,pass,
53073,1,1,53073_ndvi.tif,1,EPSG:5070,90.0,90.0,1850,926,0.3962547428638141,0,-0.9825077652931213,0.999954104423523,pass,
53077,1,1,53077_ndvi.tif,1,EPSG:5070,90.0,90.0,1552,1578,0.5641340990161107,0,-0.27285122871398926,0.9790040850639343,pass,
54003,1,1,54003_ndvi.tif,1,EPSG:5070,90.0,90.0,353,457,0.6435677934056943,0,0.020736295729875565,0.9969053864479065,pass,
54005,1,1,54005_ndvi.tif,1,EPSG:5070,90.0,90.0,510,555,0.5750786080197845,0,-0.18255873024463654,0.99985671043396,pass,
54009,1,1,54009_ndvi.tif,1,EPSG:5070,90.0,90.0,157,296,0.6478309519710793,0,0.07890808582305908,0.9982876777648926,pass,
54011,1,1,54011_ndvi.tif,1,EPSG:5070,90.0,90.0,446,461,0.45277861541005615,0,0.03174561262130737,0.9984272122383118,pass,
54015,1,1,54015_ndvi.tif,1,EPSG:5070,90.0,90.0,442,528,0.4749117304264363,0,0.22019486129283905,0.9866616725921631,pass,
54019,1,1,54019_ndvi.tif,1,EPSG:5070,90.0,90.0,625,505,0.6819738613861386,0,0.0869215577840805,0.9850152134895325,pass,
54027,1,1,54027_ndvi.tif,1,EPSG:5070,90.0,90.0,574,535,0.6751180435702888,0,0.030690733343362808,0.9974377155303955,pass,
54029,1,1,54029_ndvi.tif,1,EPSG:5070,90.0,90.0,175,318,0.5143216531895777,0,0.05116895213723183,0.9992461204528809,pass,
54035,1,1,54035_ndvi.tif,1,EPSG:5070,90.0,90.0,418,651,0.5585591544844516,0,0.030828025192022324,0.9998610019683838,pass,
54037,1,1,54037_ndvi.tif,1,EPSG:5070,90.0,90.0,285,460,0.5224027459954234,0,0.053677432239055634,0.9988207817077637,pass,
54039,1,1,54039_ndvi.tif,1,EPSG:5070,90.0,90.0,663,782,0.5656127884952918,0,-0.29161307215690613,0.9998907446861267,pass,
54043,1,1,54043_ndvi.tif,1,EPSG:5070,90.0,90.0,452,569,0.5511338009549435,0,0.16067717969417572,0.9998600482940674,pass,
54051,1,1,54051_ndvi.tif,1,EPSG:5070,90.0,90.0,336,412,0.7263132801664355,0,0.08274300396442413,0.9992921352386475,pass,
54057,1,1,54057_ndvi.tif,1,EPSG:5070,90.0,90.0,528,541,0.37284349969192854,0,0.09018596261739731,0.9815292954444885,pass,
54061,1,1,54061_ndvi.tif,1,EPSG:5070,90.0,90.0,619,372,0.5125592787534525,0,0.09763049334287643,0.9953457117080688,pass,
54065,1,1,54065_ndvi.tif,1,EPSG:5070,90.0,90.0,397,383,0.488816252441615,0,0.06835738569498062,0.9789040684700012,pass,
54069,1,1,54069_ndvi.tif,1,EPSG:5070,90.0,90.0,217,198,0.8196480938416423,0,0.06560932844877243,0.9880239367485046,pass,
54077,1,1,54077_ndvi.tif,1,EPSG:5070,90.0,90.0,448,657,0.7113706784083497,0,0.10862771421670914,0.999942421913147,pass,
54079,1,1,54079_ndvi.tif,1,EPSG:5070,90.0,90.0,350,551,0.5857246564687582,0,-0.0006040305597707629,0.999721348285675,pass,
54081,1,1,54081_ndvi.tif,1,EPSG:5070,90.0,90.0,712,558,0.4938635173774717,0,0.09329371899366379,0.999821126461029,pass,
54099,1,1,54099_ndvi.tif,1,EPSG:5070,90.0,90.0,454,689,0.5280397434831813,0,-0.06981506943702698,0.9943784475326538,pass,
54105,1,1,54105_ndvi.tif,1,EPSG:5070,90.0,90.0,395,364,0.5282167199888719,0,0.19285790622234344,0.9995074272155762,pass,
54107,1,1,54107_ndvi.tif,1,EPSG:5070,90.0,90.0,469,493,0.5253463196910262,0,0.014052377082407475,0.9998278021812439,pass,
55009,1,1,55009_ndvi.tif,1,EPSG:5070,90.0,90.0,465,553,0.6699371949678197,0,-0.3799775540828705,0.983573317527771,pass,
55015,1,1,55015_ndvi.tif,1,EPSG:5070,90.0,90.0,357,442,0.8094224114985361,0,-0.33428898453712463,0.9779261350631714,pass,
55017,1,1,55017_ndvi.tif,1,EPSG:5070,90.0,90.0,671,571,0.8721019154828118,0,0.025592217221856117,0.9978518486022949,pass,
55021,1,1,55021_ndvi.tif,1,EPSG:5070,90.0,90.0,725,471,0.7487517387802913,0,-0.0642220601439476,0.9999622702598572,pass,
55025,1,1,55025_ndvi.tif,1,EPSG:5070,90.0,90.0,772,582,0.883479782062924,0,-0.18410292267799377,0.9994409680366516,pass,
55031,1,1,55031_ndvi.tif,1,EPSG:5070,90.0,90.0,662,766,0.8494671578332926,0,-0.21669258177280426,0.9984122514724731,pass,
55035,1,1,55035_ndvi.tif,1,EPSG:5070,90.0,90.0,656,355,0.8896813809687393,0,0.04143884405493736,0.9982472658157349,pass,
55039,1,1,55039_ndvi.tif,1,EPSG:5070,90.0,90.0,680,505,0.7163744903902155,0,-0.43266114592552185,0.9879820942878723,pass,
55045,1,1,55045_ndvi.tif,1,EPSG:5070,90.0,90.0,457,465,0.8836639137902638,0,0.14912892878055573,0.9768882989883423,pass,
55049,1,1,55049_ndvi.tif,1,EPSG:5070,90.0,90.0,562,521,0.8424327702679627,0,0.08824186027050018,0.9477211236953735,pass,
55059,1,1,55059_ndvi.tif,1,EPSG:5070,90.0,90.0,469,253,0.7550081326849659,0,-0.16977491974830627,0.9945791959762573,pass,
55061,1,1,55061_ndvi.tif,1,EPSG:5070,90.0,90.0,337,461,0.7127905404970487,0,-0.4820540249347687,0.9946184754371643,pass,
55063,1,1,55063_ndvi.tif,1,EPSG:5070,90.0,90.0,475,456,0.7130747922437674,0,0.005855068098753691,0.9996445775032043,pass,
55069,1,1,55069_ndvi.tif,1,EPSG:5070,90.0,90.0,573,572,0.8878067830947413,0,0.08759395778179169,0.9999599456787109,pass,
55073,1,1,55073_ndvi.tif,1,EPSG:5070,90.0,90.0,984,599,0.857603119019504,0,-0.07870645076036453,0.999959409236908,pass,
55079,1,1,55079_ndvi.tif,1,EPSG:5070,90.0,90.0,250,446,0.7008609865470852,0,-0.2785051167011261,0.9992654919624329,pass,
55083,1,1,55083_ndvi.tif,1,EPSG:5070,90.0,90.0,840,861,0.4513384215474808,0,-0.26918861269950867,0.9981544017791748,pass,
55087,1,1,55087_ndvi.tif,1,EPSG:5070,90.0,90.0,514,463,0.8696792194367641,0,-0.19196192920207977,0.9995788335800171,pass,
55089,1,1,55089_ndvi.tif,1,EPSG:5070,90.0,90.0,229,456,0.72582931126944,0,-0.4018104374408722,0.9992414712905884,pass,
55093,1,1,55093_ndvi.tif,1,EPSG:5070,90.0,90.0,602,399,0.7926710463867309,0,-0.16448113322257996,0.9944809675216675,pass,
55101,1,1,55101_ndvi.tif,1,EPSG:5070,90.0,90.0,501,324,0.6751805031911485,0,-0.18006569147109985,0.9994035959243774,pass,
55105,1,1,55105_ndvi.tif,1,EPSG:5070,90.0,90.0,568,464,0.8845313258863526,0,0.05756179615855217,0.9824408888816833,pass,
55109,1,1,55109_ndvi.tif,1,EPSG:5070,90.0,90.0,594,450,0.8831911709689487,0,-0.025398172438144684,0.9981544017791748,pass,
55117,1,1,55117_ndvi.tif,1,EPSG:5070,90.0,90.0,431,464,0.8311964957196576,0,-0.4191480875015259,0.9997715353965759,pass,
55131,1,1,55131_ndvi.tif,1,EPSG:5070,90.0,90.0,340,459,0.8973792131231577,0,0.020204830914735794,0.9917051792144775,pass,
55133,1,1,55133_ndvi.tif,1,EPSG:5070,90.0,90.0,454,468,0.877677999924696,0,-0.3373759984970093,0.9998863935470581,pass,
55139,1,1,55139_ndvi.tif,1,EPSG:5070,90.0,90.0,462,465,0.8649769585253456,0,-0.3928021192550659,0.9988812208175659,pass,
56021,1,1,56021_ndvi.tif,1,EPSG:5070,90.0,90.0,1191,916,0.7894516369129461,0,-0.2960543632507324,0.934456467628479,pass,
56025,1,1,56025_ndvi.tif,1,EPSG:5070,90.0,90.0,1462,1468,0.8023004208336906,0,-0.5138079524040222,0.9251201748847961,pass,
