path,size_bytes,sha256
config.yaml,4333,1970c8d615e05cd3a9ad8684aadc54f4f63e32c11b6692ca30b79b512ff86c78
config/adult_population.csv,50315,d4a02ddbd4f040b4480f93034dd513011997a72168164a0634b601956b392601
config/liu_2023_ndvi_depression_effects.csv,1286,dd52346561db47dc0b967a3255fbd6aa0463e0c97387ab22c740bfb0dc7d757d
config/places_florida_2022.csv,70835,1819b751d8ee2c44704aa44bc2a53293f8d68f25acda496ad17178fc42233262
config/regions.csv,16590,8ebbf4515ea435dc2a7f5d0ba981451a438737af7a6fba158554ac0a01fe9095
config/svi_county_2022.csv,51183,7df387c44dbdf91e6989f6368cfb5bf56aca46d493ba68d785b8298665c46a84
data/national/counties.gpkg,7266304,bf5980befaa1d5d3aee0ca718d71b6ecf188b9c719209671c9d8fc8733b8b7b4
data/national/counties_gee_upload.zip,4258630,380169a09eede3ee51012caa2e53f65930255514718b2650a1ec97052e729fc2
data/national/counties_gee_upload/counties.cpg,5,3ad3031f5503a4404af825262ee8232cc04d4ea6683d42c5dd0a2f2a27ac9824
data/national/counties_gee_upload/counties.dbf,468161,27e4abbd652fdc4c674acc3f29e498e79a397860c8e870dc515766fe04fac7ff
data/national/counties_gee_upload/counties.prj,167,84cf5b9a3c1a444f83ac30ff76f8c5035990223027ba69b2f4d628388adcbd65
data/national/counties_gee_upload/counties.shp,6124744,459c57b58c4defec43e8619de4d00b6c4ea8b09eb6d4068764d52531cd7ec4d0
data/national/counties_gee_upload/counties.shx,9436,2a1f83ee2b09805109d843cb1a7b5d831dee26deb111b98b811a4f67fd1e78b3
data/national/metro.gpkg,4263936,3173351fd7d98a0b66f92829e653d2572bf3aac660c2ade3941f4d9df5d411f6
data/national/ndvi/01001_ndvi.tif,7466896,1ee733b56f5bf2ce81255888dc902b5e9d5ccb502798466a48d7e67a65436dfc
data/national/ndvi/01003_ndvi.tif,20790343,db3b0fc686a7451acac9e716340e347905e665e7ea79a142156a8f52fde4f18a
data/national/ndvi/01007_ndvi.tif,7583452,a7959a66adc44d1dde8b5f374caa6a7eb46049d31f8c327458d19cfbb47b67ec
data/national/ndvi/01009_ndvi.tif,7959017,f021b45a4278d52f06f7aecdafcb2a3e0479b5620b84bc5005520585607d185f
data/national/ndvi/01015_ndvi.tif,7496853,0cbe7891718227cb7a6369ad58174394679fb4a9eaa3fd76618651991e3ba538
data/national/ndvi/01021_ndvi.tif,8577481,fbfae8e297dbd8b9f734ec53c7248e64e8c777fadebb1c3c611bbfb7bfd69428
data/national/ndvi/01033_ndvi.tif,7625745,8708f5c5c68dbafef86b7dc11fd5f64d05eca4452c5cdf277550763d974330e2
data/national/ndvi/01051_ndvi.tif,8111106,4588392093885df1271783855fc9c5e731cad82f40b776afed8143392639041f
data/national/ndvi/01055_ndvi.tif,6767588,315de2e0076e28ca977748b03d893f029692c130714128bb4646f8c60509f0ef
data/national/ndvi/01061_ndvi.tif,7072654,2c861221b866896b8401936b7d7d0a87fb70c988ba10d86e6945f0d86d1acb30
data/national/ndvi/01063_ndvi.tif,8092197,9617a60f27f1e01a214707838759ca3e3419a145b3f46ce040f7b2391e48b3ca
data/national/ndvi/01065_ndvi.tif,7973694,14f9179203cf9ad9c511bffe380c2dad00a6d9edc16e25615284992784d20059
data/national/ndvi/01067_ndvi.tif,7021890,956c0289410ae8cdf76998937522f75f0a6e2b12e16ab6e9f0bf639fd1b49f5b
data/national/ndvi/01069_ndvi.tif,7214984,95bb9c9e130699b16d2effda8cc64b43e31fa0b2ad61263cc2a49e2f65b552f4
data/national/ndvi/01073_ndvi.tif,13820291,872f0da3795b14df8be770409758382e9eca9599d6e09644bf7f173ae4482809
data/national/ndvi/01077_ndvi.tif,8895272,78c24c5b1991f3222233a9254e8a0f5d9c4b892a3ae4538f33b8e8f90e6f455d
data/national/ndvi/01079_ndvi.tif,8693698,d6f9cf82e2b7f87d3333eb105271a15c345200b692b95b5f95108ed3362c48b3
data/national/ndvi/01081_ndvi.tif,7591283,1d76d6948d2b9c2265e9f769b3da7310f976c2c16016e1365cb62d3bfa559563
data/national/ndvi/01083_ndvi.tif,7573097,89c1b0bf5b6868f1e6641ec39c865ae1ef70ebf69e71d18694ced510916ae046
data/national/ndvi/01085_ndvi.tif,8821607,bc1e78ac3e746f1b925b23284d527dbc8c0285b98c85d4ad1084b44928b24b77
data/national/ndvi/01089_ndvi.tif,10031757,483535e3273a56e8b78f3bd4394590ebbfcdb7af22250deebf419dfcd43c522b
data/national/ndvi/01097_ndvi.tif,15697813,8e6f917a50d8369da251c52969ac54e68adc8ce5e9371c84d1bb412c4920784f
data/national/ndvi/01101_ndvi.tif,9880457,809578b42d88208e64140ec4a046f06354b3ec476f90cddcc07b3f6b6a2a4160
data/national/ndvi/01103_ndvi.tif,7367207,9c65abce026bc6673964257a1c53889c0bf3449b452faf7c56427d384c28ef46
data/national/ndvi/01107_ndvi.tif,10703866,89370f97a154e1ec2773eb8b0fb3ceb24dee3ed39558e9ee17560fb46d39898c
data/national/ndvi/01113_ndvi.tif,7945966,203a1768d0b77d9c85908c020a828df1e5d9b2077eef535daec6f685a8f5b640
data/national/ndvi/01115_ndvi.tif,8048711,9ab551f444d0bdd14ad0146a265be3e9286f8f011c3b0bf53973db3d32ba1e5b
data/national/ndvi/01117_ndvi.tif,9978377,3f05ba22a5521537e368d542ca3150a13ff2b9892cec12737a96da56242084ac
data/national/ndvi/01125_ndvi.tif,16352247,ea79e468761d86724f8e94ac7de9280e8561ef5ff8a8cce14a1941372ead46ca
data/national/ndvi/01129_ndvi.tif,13174644,4e2ee30459778b94d0da6e7d2921a3d815dc01067b3c20d18fbd349afd96cbd4
data/national/ndvi/04003_ndvi.tif,77217466,d72ba96b7cafec1935d478cd558392055f7df1df2a7080c587b0519d301a02d2
data/national/ndvi/04005_ndvi.tif,228985616,70570773564e785cb1a043bddc0098f28b57c790e9df4fa8a582fd2b52f6193b
data/national/ndvi/04013_ndvi.tif,114811523,fb51f618654c140cada1ffcb3e5d46d81d02f861b6960e53368a7ab8ad4c4548
data/national/ndvi/04015_ndvi.tif,166126761,4f44ddd6c98fd5e77d429a22b654c41a0a44459f4c0369b358e88cf359c2086c
data/national/ndvi/04019_ndvi.tif,114033098,a3e7ca29341883fa99b954a7347fc0f8d572b361fc7bf6dd6ab051370310df02
data/national/ndvi/04021_ndvi.tif,66695555,1c2deea469c939ad438e42e95270a810501bdafaa4c2ab1cc01c0be97ca06185
data/national/ndvi/04025_ndvi.tif,100547726,00f6664655dbff7ddb4b2ab63661fad27fe8a46c319cb6501ec494a18ad3576a
data/national/ndvi/04027_ndvi.tif,68285547,14ce56c6671ca7ea22ac339e04855cfca909b406e56d4ea4e73bd907f9e5dac6
data/national/ndvi/05007_ndvi.tif,10922734,29a408aac7d9f32531790bcda0a85f71824785eaa95c1fec9e537e3adbd869c4
data/national/ndvi/05025_ndvi.tif,7165015,e1265b2fbdce00c18af943ecd4b92dbc37a9d92866ad86effa3f48ec261a559f
data/national/ndvi/05031_ndvi.tif,8701422,e8d82f04e8e66e3e05f51819eda57dc093bc127cf99d40bde3e41524c28b2aed
data/national/ndvi/05033_ndvi.tif,7365255,8fab82cde236cd3959b13b9395731c1db9076225024c13fab3530465f9412cfb
data/national/ndvi/05035_ndvi.tif,7988073,de3edb17cb4044289f549e7820f1c50ec3ca48ae9060859031eec154057764d3
data/national/ndvi/05045_ndvi.tif,8161010,bd5236300a87d1665bb8fc3776d94ba072280ef4388ba339f1e9e4e07204ebea
data/national/ndvi/05047_ndvi.tif,7477691,5ba9d8d59ee416883f2b1f552af255b2a8a4d88ed30177c0693291d9129ef273
data/national/ndvi/05051_ndvi.tif,8905234,54887008bbf68dcf4d02290bce24eadd613da691f7ac5bbc4f8d51f070615683
data/national/ndvi/05053_ndvi.tif,7631539,92ae060b2ac170afb0ae0758621b1d4d7ec2a9a03a0f90256d61f0280931ec45
data/national/ndvi/05069_ndvi.tif,11211718,608c8264a6020db52753a92450854932263a0ead620e956ec3739ef983b9acd6
data/national/ndvi/05079_ndvi.tif,6930175,360b6f11fc49e59c07e66c34c2e2dbd6e7b07cd87f04e9d7986f696106cb2e38
data/national/ndvi/05081_ndvi.tif,6930644,34054ee27fb93be9aca25af89dc58005a837ed9d10db54f4c8e41d3195e6126b
data/national/ndvi/05085_ndvi.tif,9873325,46d0424211b19b876bad7129be661d33cac30feb2c06a4f97220e8ecd5c10317
data/national/ndvi/05087_ndvi.tif,9948970,a46e38bcfd7fd65b0828f131873b24a76e1007a3d33d1e7898a0b81abfbeda33
data/national/ndvi/05091_ndvi.tif,7839772,900a15b7c37d5144885ce54663aec5736402cb8089ee8b8b6a7f0ca69397afbe
data/national/ndvi/05105_ndvi.tif,6784145,3617f2626a48872bd5043601e8f2224f4f936fb5b0ade2016784408d5ff7194f
data/national/ndvi/05111_ndvi.tif,9220318,fe76f744baf0ceb786fdc2e217674525e5e261abcc0e8dc5a04cdc5f088c0cba
data/national/ndvi/05119_ndvi.tif,10015553,022d2c058f7779f3c22a12b54c2235c60e8360e16a178ef6cef1fba7fe29ec5e
data/national/ndvi/05125_ndvi.tif,8889777,25c01f73b6363e9db1c77c19f0665737499be0a4daee49c744f30cc3eaab5565
data/national/ndvi/05131_ndvi.tif,6715719,6fb233d50e6b2681c0d84cc546df16dbe74eb3406288dc6f3dae48ff2aafad3f
data/national/ndvi/05143_ndvi.tif,11584018,c4b78b86d1976d01704abca292e4156631a45044eed9044eddf2f19409eebb6b
data/national/ndvi/06001_ndvi.tif,9607842,5a1985d9e5a50a30dfed1b9ae492b29c23a0c346d008c39ee1fc58f483583f09
data/national/ndvi/06007_ndvi.tif,20847588,1600c7bc805abb325014a6ef517c01032c0fd7477880ead11271a4d59ebfd8fc
data/national/ndvi/06013_ndvi.tif,9654080,4731fbdbe18d1d8f4bfa5eba9a6351ddc2c5de5788026700aefdf3ae2561194f
data/national/ndvi/06017_ndvi.tif,22147978,12182ca42d1a01f84fef00f17de013d7d468a82987d4e82a1d95981a831cb34a
data/national/ndvi/06019_ndvi.tif,75323506,8e28dbf8604f941602059441972783b370a94624460f6c42715ba8dfec7c22e6
data/national/ndvi/06025_ndvi.tif,55581001,bbdf06ab022f8dfeefd770a3686df208032e543e0fe3329cece2876de91ae577
data/national/ndvi/06029_ndvi.tif,100909541,a0903e2e24cfdde10ff1f0fddc7f83d55cac031c63e124bcc9178cff34010e3b
data/national/ndvi/06031_ndvi.tif,17527872,79a05aa74969d12a861c25d75c17340f1aa8a24947a3511024b5eda3648ef935
data/national/ndvi/06037_ndvi.tif,51870325,06514efbf4e0a16093ff0a65b03bb9925bda2a6fb329d5e979d61817f89ce39d
data/national/ndvi/06039_ndvi.tif,27052101,ab1444d6895f7b099f97bfba3d509956f1b698f223757c34532a7a97ef9b7c87
data/national/ndvi/06041_ndvi.tif,6900721,d499ec545316e1d173536043d5cd248495b199101a889929700eaf92823b5426
data/national/ndvi/06047_ndvi.tif,24683294,2a52a473788a7c87e6ab7b68a70af02b16cea9d54fc285f81f953897b785291a
data/national/ndvi/06053_ndvi.tif,41408552,2b1ea97c8e7bc8c12e459cec760026e20e045ba8099a27c8f90248f12a5308dd
data/national/ndvi/06055_ndvi.tif,10039916,a2075f51162d841930fee504dc1d6df286307ddec7b4c9242b95531286524764
data/national/ndvi/06059_ndvi.tif,10241966,a1a10eaf0cb1bb88d6bb11b922642722e73a4b1595251a0fc53c31fac97b0d37
data/national/ndvi/06061_ndvi.tif,18706328,a50d49b5055a3f6ca97938cc020666907140b10a6a5f08e9088d906cec429ad9
data/national/ndvi/06065_ndvi.tif,90710317,4bd39868ca34ff84771c7051f2437f57b094ac2ee1f2ca26621d3023f8f149a5
data/national/ndvi/06067_ndvi.tif,12628334,4cb7df3dc4dbd4605ec1b0012371503fde85e5334ecf3fa18db0a874dc1c710e
data/national/ndvi/06069_ndvi.tif,17411035,4960c13f75adffda7c878d3a897138fedbd183f3890c6d534ba77746fd65a21f
data/national/ndvi/06071_ndvi.tif,245378471,1c569296ef7c5b4a2d4f29c252a6677420a8c50015f26ed2544f7717b2f42d73
data/national/ndvi/06073_ndvi.tif,53177469,f2300809a59c5e75d6bc38285ad16d236e5d7f014902b452d49cfe1d92d90bdc
data/national/ndvi/06075_ndvi.tif,673808,f2a684907cfd0973ba3994a3c7c2a7037d5b54b70787f96e52a3a3c7bb4236c0
data/national/ndvi/06077_ndvi.tif,17933589,2c507c1f48c5c6ecfbb0b3844bec6a9ceb2d15bffdbf0c6b70502f7a682f528f
data/national/ndvi/06079_ndvi.tif,41578605,3815e54156a2496fb62be18f72d0e3c2e64cd82050435101f9663944508beb39
data/national/ndvi/06081_ndvi.tif,5794764,3d48ff5a58e77f794f2251423e5449dc887ae1a2b7f5e90ede893efa4ed34ff3
data/national/ndvi/06083_ndvi.tif,34851333,cb377fe5de3bb7358257564dfab08b0c52d5eddc49d7e4bb2a5be1116d47f4ef
data/national/ndvi/06085_ndvi.tif,16359196,4ba631389ef665a3c21bce6bacf4bbe8b83146140dd3530813db50a50f3ebb85
data/national/ndvi/06087_ndvi.tif,5591015,acf676c0e6ca5860a466b8407221fc0de7c4763ed6f02ae0b3fcf2ceae4b56d4
data/national/ndvi/06089_ndvi.tif,47367620,501af34230caa4417ada099834b0094ff57ee34c5192f5977e67fca9e5832dc8
data/national/ndvi/06095_ndvi.tif,11247948,01ecec648bbb4bf30a04a12a0a05e7fea508c6934ec389eccddab37246eb4220
data/national/ndvi/06097_ndvi.tif,19825030,5d9ab7b668d4bf87bb4eb9e0e8194fd996e25bf675deff8582a0de5e66880d82
data/national/ndvi/06099_ndvi.tif,19057817,3e55fd07c1b63225d9f9fb9eea1acc0831f436932b2ada0dd3405cb58d6e88d9
data/national/ndvi/06101_ndvi.tif,7681631,68dca53582bae22798fe0d3425646a4f7de15daa801ad64b657cdbd419b06cc7
data/national/ndvi/06107_ndvi.tif,60265790,9f5fad29ab270f9779f5d6f10c7a7fd91b64fb3eaecb12b8f081f2339e059098
data/national/ndvi/06111_ndvi.tif,23757942,321e0f00ecaa3f5a466da21ac7b512b0ce5a2365ae6f7ccd76ed288c9a2e329c
data/national/ndvi/06113_ndvi.tif,12928521,12f687bf32d92923b4f98a0ad6ded6f3b499b1c553d257ed3ae911132ae6e5b4
data/national/ndvi/06115_ndvi.tif,8089592,db9dbd35010a183734e91323ea22a0177861cd1f014fb3ea3542c4c73b5f96b8
data/national/ndvi/08001_ndvi.tif,14995291,e6edc179526bcb983b165ad281bf70dd1dc72613654c8f08be485ef1b9ac16cf
data/national/ndvi/08005_ndvi.tif,10150377,8f2335d12f752a914d2b62aba5260da8ab80d1815bd4cde04f638312bb8180af
data/national/ndvi/08013_ndvi.tif,9369928,6cb225a87c7b31dece342c3395ba346b52cf54893e12a20cc809760a5f4c6dba
data/national/ndvi/08014_ndvi.tif,470588,0103b81c8e0c9b97dd4827b944279f5380b4f5b0b74367a4a7201696001b9fc2
data/national/ndvi/08019_ndvi.tif,5015734,5e8372a323da9f13dd8899604b350c65040c7c324da277cdfa8e70fd5feee309
data/national/ndvi/08031_ndvi.tif,2100294,957982bca08081cca688f8cc2ee3dad56316c85f17cdadae3cbb4b7bcd0a839b
data/national/ndvi/08035_ndvi.tif,10637529,c635dd058881a2030e87d4d715c22fd8305efda8cf90d1020e25e533bc100e12
data/national/ndvi/08039_ndvi.tif,23033718,51f16ca40f20cf88102a7aa86f8bd97f3eac3f043aa8eaddf98114c65fb76489
data/national/ndvi/08041_ndvi.tif,26371869,e968f774bbbcdd6eb9040496b4fbc1767f8aef17e215ffe057caf902744e6e11
data/national/ndvi/08047_ndvi.tif,1908927,c5db3c902bdeae2e3160817eb4f87a9c55420e8b80e9ee3bbc591c0ecd20e282
data/national/ndvi/08059_ndvi.tif,9857914,a260b1371b7aa71fe186b74dc685a19b4b13b724650eb496e3fc6c01ad1b832c
data/national/ndvi/08069_ndvi.tif,33130007,8607132be623fbdd348f7aaa2a6b64bfd1bbbd4af85abb8d80363c1fe01b6f8e
data/national/ndvi/08077_ndvi.tif,41907668,69c37b5798b56ceafb88291a818553badf8e9ab763d9843de8503b056fd902d0
data/national/ndvi/08093_ndvi.tif,27638017,e0e8e9b1d26944b3dfc71018faa50690451ef83718fa4ed2f54c47787fc388a8
data/national/ndvi/08101_ndvi.tif,29666030,ec953100bbc061ec2f82793a51009f9c3d264fd3c21eeee137811af87c01581d
data/national/ndvi/08119_ndvi.tif,7049030,3fdd2f9228104a8d840cb3d49b182691e8172875045c44b38c03b9ade4ebbdd1
data/national/ndvi/08123_ndvi.tif,50093978,f5e1c77fc9931b0b7f46ccd74476230ee926e7d1e98ae6f2e7d5acab6e71cf07
data/national/ndvi/10001_ndvi.tif,7295960,2aad9e6d17cc751ad9522d754c31391bd238bc38067faa3e93c0c21d595ea36b
data/national/ndvi/10003_ndvi.tif,5442679,683afc3317468614626c5ebdd9baa00f63308bca9bffb491a97586f5848fd9d3
data/national/ndvi/10005_ndvi.tif,11955936,bf080d169f1639312b8a361db8571640d53d930a0438e9c8ed485121ee47f45b
data/national/ndvi/12001_ndvi.tif,11885216,fcf177fc7af961a2721927bb36416833b58120e874d95410f271b4b04e543ef3
data/national/ndvi/12003_ndvi.tif,7165685,4caa1622fa7457ec1005cc700af02750f5121021183608dc7e4140de4781144b
data/national/ndvi/12005_ndvi.tif,11253665,598c32c26f6165d79bad5ea063670fcc4e7addd3aac3cba527d832500c2e1a59
data/national/ndvi/12009_ndvi.tif,16620149,a65e526118bf5c26dac2a577a88ad629b10cfee4cbdbb88ae11712614a207ae6
data/national/ndvi/12011_ndvi.tif,15292438,6d90b593e74b2ab3265690d8cbdace74f979268c543240b0da049d4e1fe1094d
data/national/ndvi/12015_ndvi.tif,9277791,eba8cdc3d7db85be232ab86f5ad5f604159d683dab18dd657aed9e0bc5c1b609
data/national/ndvi/12017_ndvi.tif,8252358,148e0d767c440073ea0a4f8900c8b9d3891ce89fe0ab5abf8b107276a729868c
data/national/ndvi/12019_ndvi.tif,8019992,a44d22dcfd80d874a3fa4c0d788fb5c836c24ba0063e0e46b7a6c230f3075e53
data/national/ndvi/12021_ndvi.tif,26084100,408c5e872c89585d20395d7703758e39ec75142ec9cb4d5b8488ff99db6bacce
data/national/ndvi/12031_ndvi.tif,10753493,816eb8470738519ea4504593aca48277008b8220bf4a811cf7faf8406a15aea3
data/national/ndvi/12033_ndvi.tif,9527091,df24f49658b890e7f413861da4298568c82a68305d8fa3bf219b5ea801149127
data/national/ndvi/12035_ndvi.tif,6260165,1735de8279044574567d6b0f7aa1bcf27228c6ea6ee26a85577e0a0647e2180c
data/national/ndvi/12039_ndvi.tif,6468061,f36fd8bc8608d50d0f3b6a81da120081a2c1479e2b6f81c39ee582b6c53af9f0
data/national/ndvi/12041_ndvi.tif,4395456,4073ff4e8eaa23c3847b827f185735821848abb31ecdc6dee122d9855102acd6
data/national/ndvi/12053_ndvi.tif,6181873,3061cf9f49ed5498d38971c1b326fcefa31ed1d4574bde6db4a4b017cba83db9
data/national/ndvi/12055_ndvi.tif,13715121,9b1a4e23d90577b726e9b83ff55a3f2e9f15f267c9b9445b3f1e3dfd69b76692
data/national/ndvi/12057_ndvi.tif,13578028,1bf14fd2651c987acc323a15ad98b24547ff3577220d35e26133d28a3f418a48
data/national/ndvi/12061_ndvi.tif,6735958,06b4f63c6e794bdb910d43d1852787e6e97368640d9ecf59ba36b1256413d560
data/national/ndvi/12065_ndvi.tif,7442176,7897b23cda7d4a592f295521304b1824de9250590bfb72dae281841645aebfb8
data/national/ndvi/12069_ndvi.tif,14533518,38f6cf2cfc8a8c6e86bdebfd49ba7180ce5ddc7be707aa2eedaf20bf42fbabf8
data/national/ndvi/12071_ndvi.tif,11335266,196423395f6d244968b3f4bb420c30e852532f11ed04b5e5920c974a50e631b8
data/national/ndvi/12073_ndvi.tif,8605446,60ba3edff88f6beef67360607ff7b87a0ce638d9bb2fd8adc1de66aeacc252c8
data/national/ndvi/12075_ndvi.tif,14222851,bb54e0fd04242a1c14e9d757b12e584bfe6766b8010e2000fe375ab952730f2f
data/national/ndvi/12081_ndvi.tif,10035530,a6d4d4b21ff49a822b89a373143a243955f0c9eb3f89eda7ef11c54f4930bf50
data/national/ndvi/12083_ndvi.tif,20331091,e1c8c0b3f5a982fd710a0a3488627c4559a21d76073f003d3487a9906f78073b
data/national/ndvi/12085_ndvi.tif,8595499,a07184017f90f557d78c00952bf380926a18adab10a548d4041d34f850dcd5fa
data/national/ndvi/12086_ndvi.tif,25286342,d43de22290acfed2e9eb705041a9b9255b2996a7c7ed607cd95273f8d1892d08
data/national/ndvi/12089_ndvi.tif,8347072,62795c6fae4ba48a203c9381dced3cccfc8667b7ae2bb5226f565155afaea381
data/national/ndvi/12091_ndvi.tif,12316622,185bbf4f669c4f09d858b4048a7426fbab62853059abbb155c249defa61bd053
data/national/ndvi/12095_ndvi.tif,12618237,63bbf86ec8a56d55af33e1782911878d1fc925bca1acb17d36b597bc3a79578e
data/national/ndvi/12097_ndvi.tif,18644844,a4bf11d5ffa54abadaad7a5ac89af8fe375f75a4064686b44edd12cb766252a3
data/national/ndvi/12099_ndvi.tif,27694466,4eb265547d468851b964043479d7ef9b706cf02075172bb01dff9ba9d05d2470
data/national/ndvi/12101_ndvi.tif,9527935,0f5d33e8385155cea1c71d248378821e51eefe31b168370222b38ce690ad384d
data/national/ndvi/12103_ndvi.tif,4333602,cb3383f88da0a5be3e9c6ddbc4c653e02bb7a899be82579f1bb47d41b4a77783
data/national/ndvi/12105_ndvi.tif,25073333,42d41148f1a83903fd57b0c4f3c4c6e337680045f709029aa82109aa9a5601f3
data/national/ndvi/12109_ndvi.tif,8500678,34461e8fb3ea2c425d347fcc850ce6bf3d4f1300e4e3826b211ccb1cb86bdc57
data/national/ndvi/12111_ndvi.tif,7662247,586b5210932e34ac52c0fba06def90fcaf0c8db6aac625bdba00822575eb7e89
data/national/ndvi/12113_ndvi.tif,14311365,c4c40149733c18c04a8778afa62e28d44774f36d432329da1f67eb9a4b8e1cd8
data/national/ndvi/12115_ndvi.tif,7599790,dd8eab17d9e393552814b741f03cb234f178a03effe05c999f66c2f351b6c84b
data/national/ndvi/12117_ndvi.tif,4374641,802f3be21401a6afffd2a1b4a4d882ee097605f9b10bb7f4100f8a9f4905a904
data/national/ndvi/12119_ndvi.tif,7190281,e8b2e0f165efd1f700940ea76b309345998b7519983a1493f0227c508e32e4d1
data/national/ndvi/12127_ndvi.tif,16009513,d9ba44cd87c39dbef719ce7d45cbeb1c9c66d458d5b8edc9d10fdefd4ca7baa8
data/national/ndvi/12129_ndvi.tif,7727281,b9ed6a606a8b9dd8b4a0b656daa6398d580fc748233c0b3e69717e837a0ed579
data/national/ndvi/12131_ndvi.tif,14251456,0dc9ea9845c3fdb358f8a99a2a8fe938ebb1ec8c5b99e4ddb5a433a1ac4612f6
data/national/ndvi/13013_ndvi.tif,2057365,b274a1a65723b7fa0447290268242deee8e5930f197875c642247c0fa0bdb383
data/national/ndvi/13015_ndvi.tif,5785949,1204347f47d562cec14ae57ef3d3ab73299f5b89d65baf457284eaa3d12dc44b
data/national/ndvi/13021_ndvi.tif,3211387,0557833fb550eacd9142ce8e7937a5f5d4a14fcae14ddc69e20bc02a853a0d37
data/national/ndvi/13025_ndvi.tif,5498437,acfad237f51ee5709cd4690036b537b9bce94f923bb26ec4eeeb10d3e301ba1b
data/national/ndvi/13027_ndvi.tif,6082393,827580d741c42facb1cba38037192e8820e4c0694685b14fbccfd011328f67eb
data/national/ndvi/13029_ndvi.tif,5677463,94c07124aefccdbbedcaaa49e8826b453ff01bb6c07e11cb1cdb97d1a19beb1c
data/national/ndvi/13033_ndvi.tif,10240162,f9f7e229a0c5c4dcc067adc3f96b6c54753d1862ae1417e642e23c8cc0f18414
data/national/ndvi/13035_ndvi.tif,2350578,f9ff7670af00da0bb5672689a01dfa7600df16c77b7462399b50663a3f3b9a45
data/national/ndvi/13045_ndvi.tif,6223205,a7c780723410ae641d08d5b9af20c47820e1775b85fece990a1a452d1815a279
data/national/ndvi/13047_ndvi.tif,2021878,7391599ceb40e868e71b7e585fef2ffe1eac4ca265cfc2954ad0b727d2f7bb39
data/national/ndvi/13051_ndvi.tif,6454774,cf35f6c1b706b022c0a9d22aceecd53411fafdb22ab8e5278a283715e8562fee
data/national/ndvi/13053_ndvi.tif,3116234,f4bfc043740bd67b42506266a02face2baae724412ce9aece9c2a196f7bac5be
data/national/ndvi/13057_ndvi.tif,5335808,2e5eb9e32ec11493ad48e5c18ff26c6aeecb5728b593a9628a0204cd05ba4691
data/national/ndvi/13059_ndvi.tif,1531699,793b5ada4f34bf6e30b30ddd304fef4913d2091909d6be0c0b8a8aa5f319dce4
data/national/ndvi/13063_ndvi.tif,1880238,eacf8584843fccb0b7a3487aadc206727c6356884331217393a1c8bd2d181376
data/national/ndvi/13067_ndvi.tif,4376293,816986b84a2d28047f10b7b361222afc19fc9641407e50da4be19b2cb3b99e27
data/national/ndvi/13073_ndvi.tif,3852505,114b290edf78f745f3ec48abb2c4eae983d87ff3aa3a3fb1effd1d8e09006207
data/national/ndvi/13077_ndvi.tif,5527444,695c704bef3ccc6fad9f5ec79a61268d03a66e1e962160a20d8411f7317ea5b6
data/national/ndvi/13079_ndvi.tif,4029311,0cee77ef9bd068b20bfbc9a30bf85304ebd1a806911b375ffc090a1032ee3ecb
data/national/ndvi/13083_ndvi.tif,2139719,562136961ca010d8d4589cf7a67b5eae9b911e206e95c0b08f8b79f6e2fe7a48
data/national/ndvi/13085_ndvi.tif,2610909,0faa5e6f39b05bea13db57b536f9e6809430ba208797dda73b6dafa0362c1fc1
data/national/ndvi/13089_ndvi.tif,3473810,c66aacc34afd3d0e3f4000d7738e60005ae11fce8309e4c6608528a3355b12ff
data/national/ndvi/13095_ndvi.tif,4128327,e1809a1154f9ef2efce0f85ca0a1fb9be445fab47048b194d673137637ec16d6
data/national/ndvi/13097_ndvi.tif,2528314,815a9e7eba604afe7524d059efead5650b1606f71f82bebe29917f272ea23b78
data/national/ndvi/13101_ndvi.tif,5125071,9fbc770988c1114ec44892fe184b9effa4812682446eddf0423a99bf442eca13
data/national/ndvi/13103_ndvi.tif,5958414,94fa3a5c55df2c47c0f6dafb5634aaa93beaa1bd632a2ead0428144dc63a53e7
data/national/ndvi/13113_ndvi.tif,2518749,8710b7a3659e06d6f7a67291f3da139dda6ca6eee364c606c64098e576ac4e4d
data/national/ndvi/13115_ndvi.tif,6377482,e624cc0a01a1eec3595588d19fce7c7b8959d2366167f2ab01f77c1b3cf0ade3
data/national/ndvi/13117_ndvi.tif,3153015,7ad8a91f0c43dad43c4a429ab08e947403807a869f6a424fce25c731889072a1
data/national/ndvi/13121_ndvi.tif,6934860,b3fdab7cde0a0c28d536ebd84218c3031b7b92eb563dd77080306a609bfe9b95
data/national/ndvi/13127_ndvi.tif,5893073,c7c59f34df7946b36fccb4dba93a9d1d40c7f3914b034a43af520e579f9e96e5
data/national/ndvi/13135_ndvi.tif,5567491,1797d083baf79914a42bc8d8a302913520d54191d665c24cfa09588d5df1862b
data/national/ndvi/13139_ndvi.tif,5360945,d3d2d8321879b753559b18e6dd58e3645c29c0f5de4918f8db4fb8a1f9ec197d
data/national/ndvi/13143_ndvi.tif,3463703,99bfbe5a1420296a8a9abf1c9726981ed63eee72a89ed26eba24de3f8e6f7bb3
data/national/ndvi/13145_ndvi.tif,5751684,cecba814beb5a8e22bfbf3c9ff32764960aaa5cf98147ec389ed468d11079f3a
data/national/ndvi/13149_ndvi.tif,3705161,fae4b1c6dc5d3e59fac52178bb848240b83b71cf1d6fc1f156afe6d1777943cd
data/national/ndvi/13151_ndvi.tif,4126039,b35721566ca7ba1c013361fbb3dbef608a889ea0d31c59d353d3a4e6e3725fe4
data/national/ndvi/13153_ndvi.tif,4731407,b94cc38feba928f00b2bc1a791487f53981aae000475835f310d6cd439df2b72
data/national/ndvi/13159_ndvi.tif,4567716,38b6bcc1b0e9b68273bbe082db7a62aa31e5134b1543fdf2c3acc8b625d5abd8
data/national/ndvi/13169_ndvi.tif,4847488,97f5b37981aa389265b26c13bf8fa7f0887703bc4f94f85ad113071f91cfe559
data/national/ndvi/13171_ndvi.tif,2310356,56e48f027e28f3feddba9031d3554dd0294cedbf7cb54bb7357e1ffa4f1eb2fb
data/national/ndvi/13173_ndvi.tif,2483372,dae24818710ed466f1a9891c07732ee17a78817657d8580346cfbf606914274a
data/national/ndvi/13177_ndvi.tif,4453725,c0e1e7714bcf0c1e7e699669364d0839b7ac29c4aea1d6fb14e94d8c0445f1d3
data/national/ndvi/13179_ndvi.tif,6791696,54497666c414ab6f2343c9f4044b8b1f5b879886f0f50211c73a027647041b83
data/national/ndvi/13181_ndvi.tif,3286437,a1c6c62d8509c1d0eb86d011274983c1632f29254299264c8bfbdbf386e3aade
data/national/ndvi/13183_ndvi.tif,4979516,f5a83895591ee78cfa2494920deee4f8aae2100818feede442e84132d3a1656f
data/national/ndvi/13185_ndvi.tif,6295167,89a1ba5787f6383cccbdc15f26ec519a0d86563380448ce2bd10310e09cf2c53
data/national/ndvi/13189_ndvi.tif,3325837,b75bb465ba6cf80a5c8e2fdafe60604f427911330faed2cd06fb6aad3ded6079
data/national/ndvi/13191_ndvi.tif,5971376,cfeeddc92d5c11b53c9e497b897cb4b2f23aa07ae9896f1a49bf3e7c448a6634
data/national/ndvi/13195_ndvi.tif,3535836,e86866305322e46bc6f16fca4aaf83226d2c599d6589c6cb2b0d92caa4800e45
data/national/ndvi/13197_ndvi.tif,4546749,f2898268abfc6d41efafa3a02809115026f053ce2ae64ab41f0562d8cc99afa8
data/national/ndvi/13199_ndvi.tif,6175168,4149c1140922c32cec1a4c8e8ce2621d6d991ac70f8e429cf1b30385e1825252
data/national/ndvi/13207_ndvi.tif,4882648,0eaf0a49347a0dc643e7aeb9c4c94f84a46ef69b7c171276eee1184425091a7b
data/national/ndvi/13211_ndvi.tif,4392507,eab45ef7f94f9b32df38d02434648838cc75845c7dd3667d223359733995a65b
data/national/ndvi/13213_ndvi.tif,4227519,7660c5c25f4e93d0f6d8a172087f6cfd98d39ca3d4f20339fe9045876bce396f
data/national/ndvi/13215_ndvi.tif,2798397,ea7b0149a7b824b5e51a90c31cd2a734d7f03c06d0344ab98e4b77987341bed2
data/national/ndvi/13217_ndvi.tif,3501379,e7f3eb6c21ee420d1794345a90f80134085b374352024e93f91ff4eb14a114b6
data/national/ndvi/13219_ndvi.tif,2333786,f25d80c685a7ccf06552c049de063b89ec76a91a134b78fa6c84c59c1c064d77
data/national/ndvi/13221_ndvi.tif,5394074,2aaa0c64bb4079ce24c665ae0cc64ff5d532bd71139b702251e3967c0ed9f884
data/national/ndvi/13223_ndvi.tif,3874917,1e08efb72aafc5810481383eff766b9ab2499efccc61831c09cd4070297b28b8
data/national/ndvi/13225_ndvi.tif,1911076,7846e84c752c597b23db2ed287b26c574276e0ae3d42c09325652045c51ad8a9
data/national/ndvi/13227_ndvi.tif,2797573,dfad1461fb3d14a6716b58a4363b3191590fc38a223a41a01d8fbd7020b464da
data/national/ndvi/13231_ndvi.tif,2707491,6c18b96836b5f983e0b8b56af4651f38aec9c8107c947556e13314688e7b06af
data/national/ndvi/13245_ndvi.tif,4145174,d7f4ed57694d52e28ba9e38d29371d3ee7868a60a44a1e21c0239c211fe098dd
data/national/ndvi/13247_ndvi.tif,1684028,fb0c86f25c70b14ba8b6d4dc6ada6ebb519ecbb735116c55e7c5e9b1ebc46bc6
data/national/ndvi/13255_ndvi.tif,2487222,bd9049c1c4acc2ed69bc9f098929f73f57e09a584d216657ce15976f17ec89e6
data/national/ndvi/13259_ndvi.tif,5634306,76debc861ff727a69aa2d7733726db62fce8cd720722ef3961ba6b02aaad2804
data/national/ndvi/13263_ndvi.tif,4824840,7ab0ecacf7311ad4d2fd89d6348b7611c83c0688dd06bf3134d5df9a356afcd9
data/national/ndvi/13273_ndvi.tif,4152907,ae06531396ef366115a75c862d1e8a25ae852193f054cbab336b13bae4e2fa41
data/national/ndvi/13289_ndvi.tif,4481313,d8a87e24667ed50bedea52c6f14af0625403e889025e01838dc5f41f69ad9ed1
data/national/ndvi/13295_ndvi.tif,5448088,dc1b48c7ad522c322753a22401aedbd4e36510f530e817fd663772cd605423b8
data/national/ndvi/13297_ndvi.tif,4117986,5d96a01ed25b10dd56ec4ae2e801bb4aadc6f5bd312393bdbef5e7fd3442df3d
data/national/ndvi/13313_ndvi.tif,3630352,2ae75e1ee2bcd645f34ed27e9ce393b279ec015413b5905c545431d501c7af31
data/national/ndvi/13321_ndvi.tif,7075572,2dcd7b31ae12babee98878b22dd9371d35aeee48566422513af38fb9c129d1b8
data/national/ndvi/16001_ndvi.tif,13172024,1b329ccdd090373517f9ac5d8c6d7bf28808bca18e2e13da5dd30770ac79a784
data/national/ndvi/16005_ndvi.tif,14530402,779db031d3f5ba86498153c92c906999da2819a2d5728e0ed02c9bfb826ba9b2
data/national/ndvi/16015_ndvi.tif,23598202,cec45de8f3663aaef8e88a639ebb69ce7e24534fa1df89e7f9d2ecd3d7d3a7d7
data/national/ndvi/16019_ndvi.tif,23611928,cfe2c6ad859418f0ff40dab8750b5c71e1c7bcac3b1f1dd6251cce85ba3c698a
data/national/ndvi/16023_ndvi.tif,27976330,2d62239c70e02ce1f77bb031afcc7e3bc6066ba6c284c34e25ffd9aedbc31620
data/national/ndvi/16027_ndvi.tif,7716010,abb9a4d33b44ccb9e9e01c2edb94d080c8214b60d2b7c5ddefd669636904a022
data/national/ndvi/16041_ndvi.tif,8424971,5735625cfd8b5cbe1780a5e51629343463c26d44d6962144ff42cae4f7f182f4
data/national/ndvi/16045_ndvi.tif,7183326,fc6ac4abf0a4d093c990ccd609975b8572fdb4f0420ff0075e9c785f94a47c67
data/national/ndvi/16051_ndvi.tif,13673889,6bfa3a9730838f15760a876548c53b45b1d679ed8d3c4921da0c08e4394bd7a3
data/national/ndvi/16053_ndvi.tif,7468734,d337608e388d9aa6f3b48ca40f94836a6f1cfd14f1f647952e5b6f8f01baac8d
data/national/ndvi/16055_ndvi.tif,15986471,837281e4b710ce94fdcfa065d6205f195299b6bb321fc75a72f4ed7384301563
data/national/ndvi/16069_ndvi.tif,10786042,c5f1e6becc2618703287de4c249f61f78e4e54fffe54f2d7a10384b4c525e541
data/national/ndvi/16073_ndvi.tif,94713780,e041ba3f4e9b24cb5aaa86f97f3da683c43b016853e0c94158b33dd06552e935
data/national/ndvi/16077_ndvi.tif,18113378,745718e4d6318a07fc61e7c28722943f634903e8cabe7847693d1cf614fbd31f
data/national/ndvi/16083_ndvi.tif,23955359,f772b8c5c1024a3bbfac410f98be51dfe91beeacd5c83ff749d05d1080b5c737
data/national/ndvi/17003_ndvi.tif,3119461,a62da2b2348666a8d8d774d55f286a952feea1197919662dee09828a20b6ae19
data/national/ndvi/17005_ndvi.tif,4614706,84d53daa53c191160ce02c12bf7672cc0de2feba5f63efbd7e6fc23d9d1b5417
data/national/ndvi/17007_ndvi.tif,3394145,08b0af587643aa56058dc8bc8302a392bc576fa3a707a8f729ecc5f7f982ce60
data/national/ndvi/17013_ndvi.tif,3576991,0a2f42eb36ea6eecd4dba411d97b42587084bc720bc050e69d2d509b9c4a78b9
data/national/ndvi/17019_ndvi.tif,11780063,9fbeb55c9202af1d920a444cb245711ee66e9759a57bad495f5f5fb5fcb96037
data/national/ndvi/17027_ndvi.tif,6158900,ecfc8083b4be61ca3c35e3515c1ff9e1c4336e814a465096395d91699cec03c0
data/national/ndvi/17031_ndvi.tif,12344444,6f9618fd584423ff29454e52d3f25fad653fad3afeabd0e5e3d6831535aa68b9
data/national/ndvi/17037_ndvi.tif,7526258,0a3a7b7b252d124a883df667ce1ba502af467e94dec0d334ee8516740130b193
data/national/ndvi/17043_ndvi.tif,4287845,bb53a7ba7923333c234bcd4c8ca06948bf95f2b10144d8d6fc77118ff507371a
data/national/ndvi/17057_ndvi.tif,10559563,544a7713894e2455a8c4fb3972e051b7920a806e234286138b88b4e95084065c
data/national/ndvi/17063_ndvi.tif,5227513,370c1979f2ee46ccd1a10ee934a35150cde60e83a9aa668a4b3620d14623fccc
data/national/ndvi/17073_ndvi.tif,9714514,6d89446e3fd8acab1c106afb69ba9be324075f2abf472585babffe42c3bcd0ad
data/national/ndvi/17077_ndvi.tif,7245407,34bfba651cf008dd9feed157bcbbc678003467ce309e140e6908f7d05e5accc2
data/national/ndvi/17083_ndvi.tif,4548735,74d11100e0c98e78386b465543c884995fb219cb7c59afabdb11352a1b720219
data/national/ndvi/17087_ndvi.tif,4184568,0444fe4f8b1b4dc38c12c683455d9cca1f4acc67f6e76596b96543fc33b0ed7f
data/national/ndvi/17089_ndvi.tif,6498363,440b2f4d7f1e5c5f59578fe83de2b5d785edb2b1ab2fb3946258cef49c5547e3
data/national/ndvi/17091_ndvi.tif,8168323,69f619dba79964d18ddc256e6f0ed6ed3b55c295ae6d6147d9b8ebdec80febf5
data/national/ndvi/17093_ndvi.tif,3928200,428ac43c366258535d82f2aed5e5d47207476188c4c3e88e67bc7c3d516f3f66
data/national/ndvi/17097_ndvi.tif,5944895,9c27ff5f2a0eb7e681b0155bab51c930a8f917f3a11edbcd069743e73ff9c5c1
data/national/ndvi/17111_ndvi.tif,7482627,cf494ac0c094234721491a137a57c1be0385dc71f6f0ae4cc7971a1bd16862a5
data/national/ndvi/17113_ndvi.tif,14028237,5225b726ecde6d2f36838fb90c75aead735ccf6500a929659814a871198ccefe
data/national/ndvi/17115_ndvi.tif,6961175,2e9ed142ee53b39e865b68d9ea8fb9c6b048a77d8aa58c4de868cdc2479865d4
data/national/ndvi/17117_ndvi.tif,10331871,5ec1bf3933b3ab5e2babdee2c70556431d63576e3f04adc4669056171f0c4d1d
data/national/ndvi/17119_ndvi.tif,9075021,a8345c84b70a9ba5df5a432011d639bd9e30b52948bb82decb663e86fa6ba5cc
data/national/ndvi/17123_ndvi.tif,4728930,5574c52acb9e09b2b21d1e57151c1e49faa7b7ff59fda772a427c44402fc0b50
data/national/ndvi/17129_ndvi.tif,3742557,166069fa04ccaefee7cbb498e750f52981941a4ee297f79ee7e5daf6b390c3cf
data/national/ndvi/17131_ndvi.tif,6661402,2c0033792a7ea8314b305701af96e1707ec12718578b3ae34eee837b3bc88d70
data/national/ndvi/17133_ndvi.tif,4917622,cd65439ee0df8341f435bbf5c3a8d8af8f6722f0f04c53519ad77d84229abe80
data/national/ndvi/17143_ndvi.tif,7592196,cc7f53cb21476bf15a41a01cd0fcd2a7089f05d1415a2d09116670591d7277d4
data/national/ndvi/17147_ndvi.tif,5201211,2fb1ff914910e6bb12b904cb49d33856d2e4b00ba75f882a4249419fac296775
data/national/ndvi/17161_ndvi.tif,5603144,cebaddbedbcd677a9f0c4ae4f4062c797c0a80f4b18b5286c2f7f1d7975268fe
data/national/ndvi/17163_ndvi.tif,8274621,09aab4b05a2950601009c2198059ff36a13b32579466097c48e0d79814e95a9c
data/national/ndvi/17167_ndvi.tif,10391986,6eda907c80580ac03f3f2b44ddf9c266b1ccae2ca9bd15a803c7e88bdc1721cc
data/national/ndvi/17175_ndvi.tif,3356482,769727bd07859afbda3882ee5dd5dac9ea265bf15c565ae79ff7228129f7b01a
data/national/ndvi/17179_ndvi.tif,7875708,015101642bee799837beb58757ddaceddc36c7696d50fa6b5c29fb4bf8ec7260
data/national/ndvi/17183_ndvi.tif,10708303,e310527a4b3dfebe367cd7f623e742faa7607ede12e01bf24a3e3d06b15ae13d
data/national/ndvi/17197_ndvi.tif,10564443,39d83ada8c5067d0aa44a0bfaec98c28f60fc17d30f4a2ba68e536f19395edd9
data/national/ndvi/17199_ndvi.tif,5411460,c051694e1a03b6a418d6bd41aea298d7825bddacfb1e2e88e892533a043fe149
data/national/ndvi/17201_ndvi.tif,6315772,54fe227dea34e7679f19e03b3969e8f612b1f2dffadb50e8da749c087d9f0252
data/national/ndvi/17203_ndvi.tif,6478662,60ca9e6bc8186632ff6a12edb5446c9dc57331fa6f6dabfda1503365073a19e5
data/national/ndvi/18003_ndvi.tif,8126508,ff534f012c7cd65bb627dd86fece24fc2b583b97ab3e34b7412612644b1a8377
data/national/ndvi/18005_ndvi.tif,4963981,b8bc625a4612c3d9274f68f99fc80aac8c4d871e9454157a53ab29468420d544
data/national/ndvi/18007_ndvi.tif,4794976,8eca0a654223289dfc449697db9499c6d99394e53e845ea111f917fd3cd5db7f
data/national/ndvi/18011_ndvi.tif,5081183,9f0afad9ecf9227da60e8c16880bc9fdeddcd23ed122be4ad5eec2c4bd49fc83
data/national/ndvi/18013_ndvi.tif,3648899,e2e7b3f63e9611c80436bf2f774ad1d8a05a75f92e541bad1cc7b1921683e24b
data/national/ndvi/18015_ndvi.tif,4438886,e2b3531731033620983203d1985a884d018f66c0c5f87bc04f30ef95b48dbbf4
data/national/ndvi/18019_ndvi.tif,4615620,84818920454c5e1e5228f3e688dd473dacb9cd3438c572c2d565399e7c9191eb
data/national/ndvi/18021_ndvi.tif,4373062,01176bbb436d8648aca7186bcde37ccc5f93d4e23f9d8b8714f284def6cd553e
data/national/ndvi/18029_ndvi.tif,3747097,5ea5ab1be7026f6c5b755153a99af1697740a6f050db10c0a7f7e6d21dc26f9f
data/national/ndvi/18035_ndvi.tif,4806043,9b33c6e0d2006b6e670a99b928d7c935a2c3b1df66c24c814d99e53056f44aae
data/national/ndvi/18039_ndvi.tif,5795130,85b3d18aefe81ed3f13edd7381e7330ce203fe6dd0f2b73f316477d609cf6543
data/national/ndvi/18043_ndvi.tif,1860295,4a2fc46736d249f7b5e1f0218029e8adc67975def681544456ab8f8c6541a34a
data/national/ndvi/18047_ndvi.tif,4691316,561592050955126c77b1e858d4f984ee5638755204864da4c81a50bf583d8dc0
data/national/ndvi/18057_ndvi.tif,4991424,6b4d4d0a0c28ef24c479da56b7c9db129f93e8734be6a8262fa910b115af6db9
data/national/ndvi/18059_ndvi.tif,3736462,6e732d5474b4bc5e2f4b196d4d39eeb612863bc78328d171375cd96ea5a97464
data/national/ndvi/18061_ndvi.tif,5852946,f186645a7ae6eba98f533a0876080c90995cf2032b476e23bbcb35f5d9b8b264
data/national/ndvi/18063_ndvi.tif,4993731,9122a42dab62b85f25e73f27d9e2b428623d0acfca823db7129e47a7b6abd3c7
data/national/ndvi/18067_ndvi.tif,3553125,d8db5171f88308d171c01cb53df47f2444b1f1f6fe60e83dfdba1aee6bf28e1b
data/national/ndvi/18073_ndvi.tif,6769487,0cfe65d61d470a5f7d9ba73f7883ffee1f24c34ef998c0297ab7660c823687e6
data/national/ndvi/18081_ndvi.tif,3957356,88db0cc09d07a3cea8946a83748ce29732ba1bf48ae6c0aec6fd22ab7e15c269
data/national/ndvi/18089_ndvi.tif,6326197,a6ee4ea5da4ab64e7dee9d95ea5a88cd8252d968d20f0a66d0031ad4adf8de7c
data/national/ndvi/18091_ndvi.tif,7351138,ff09ed9815ec91da9ef74cdbd4e3679f0a17194e7cb455abec73f125900f132e
data/national/ndvi/18095_ndvi.tif,5476112,6369aefd3c179c395fbbfcb70fb4a841bba4af988939864828c02dd89e7512d7
data/national/ndvi/18097_ndvi.tif,5141980,76c603ea99ac9fb9996b1897d25df85e1fa9c389e2ee69cbce4bf24a729ad706
data/national/ndvi/18105_ndvi.tif,4937834,becf849d2fdd3fe95e3869d923d18709b13c03cc72dad1ba54de978ca9288831
data/national/ndvi/18109_ndvi.tif,4900344,f8e8bc1765b25cd02fe14b00c945b0844e2ff31539b2f1d7338a04a1258fbc2d
data/national/ndvi/18111_ndvi.tif,4857343,3315af5009e5931e110b2f74768a68650d428fa42948c4b9e2b6aebff50f3d4d
data/national/ndvi/18115_ndvi.tif,1080780,196ac790074f7cf40c69f1b66cdfd97054290a17a2a3122a1f0a4782e07359f9
data/national/ndvi/18119_ndvi.tif,4604843,3676b7757620fc1ea288079468b79146d4f01345d31238efe7b4227e31c46692
data/national/ndvi/18121_ndvi.tif,5358286,32f7f81d88a171b093fcd645f06cd427583650f88412a98106ba49350c65fb3c
data/national/ndvi/18127_ndvi.tif,5177456,c2af7c6e73e5f32efd2f04cfd6b72f40e3d53b723092a4daf63db19b2f5d4419
data/national/ndvi/18129_ndvi.tif,5107543,fa3f7f5870dcff53da353ccbb675e0563b19009c18977eb404e9cc6bf67e42e9
data/national/ndvi/18133_ndvi.tif,5775839,3cd8e259fbbcf76322cc89f0b16316bf52ddaac5b4a8ea6ef87bedbf4b00a1db
data/national/ndvi/18141_ndvi.tif,5665660,546db4f6f8c97cac66c0186d8571bf39d06c308d6d620d074e57df1f95817998
data/national/ndvi/18145_ndvi.tif,4979093,14a3b25b8aace7d5cfe41732bdf9310d3c89f98a546510e675f188547e4b7bcf
data/national/ndvi/18153_ndvi.tif,5537366,faa43d6a0df1b84b9ab16aa7cc06c813110689e34967201f9f29bf159698705e
data/national/ndvi/18157_ndvi.tif,6072743,a5575a07dd2362f4ee20190c45a721724750d61ee021d7c571bc37f6fbc64ca9
data/national/ndvi/18161_ndvi.tif,1990478,9202ff53e43899b81900e24538f16b03c7af86c74b11c8e4ad590c6348f7ca7b
data/national/ndvi/18163_ndvi.tif,2971026,957d9ec550d7a0d25c099bc233c2ab819ff146e3d1a30f30af3eec8c2b88afdf
data/national/ndvi/18165_ndvi.tif,3197982,473976ac5392301bf58e5f8f4538f1607fd80572dd8830df188709d40e6812d2
data/national/ndvi/18167_ndvi.tif,5018670,57be5516a3531787372d55432e54e4e6637b4ecb4417cf46640eceaf59eadc54
data/national/ndvi/18171_ndvi.tif,4405518,020f9218ff36acf9de8c4530d2e0edd4d5f78b07291204ed9bc7cdc28333860f
data/national/ndvi/18173_ndvi.tif,4781187,0819482543d2796a71537b16e0ffb8669d3ca58fe8846b8f4d29adea3547fef1
data/national/ndvi/18175_ndvi.tif,6140280,3d97a933693931133c30413d44c7ff410ba6a18cb68db6921699cd5e6b61647d
data/national/ndvi/18183_ndvi.tif,4129470,f1845122c0cd6cca57555153e5cea33f3b19ed41b1ccbaed4412baaa3d7beed6
data/national/ndvi/19011_ndvi.tif,8536064,e2f5414ccfdccd4d6839b6f86c61bf3ca7651dac24e2ffed7ff34a1aeea1e138
data/national/ndvi/19013_ndvi.tif,6935014,9bac14232c1135b4e788beb28ec92d70577e75febff00b347554c4c9beb71fb0
data/national/ndvi/19015_ndvi.tif,6749681,a3a643c14b14bfd3ae9d287230bff0af61d1be9cda4ac3a271bfe22abcc2a8b3
data/national/ndvi/19017_ndvi.tif,5278254,0d670a3bdfdd225bbafd51891b070831e22bdce0774c42557503cd30944fc9fd
data/national/ndvi/19049_ndvi.tif,7062857,a35eb816c7254382d610e692f545b40c2c9ee16a3f4b5c87d4445b2e01d139c4
data/national/ndvi/19061_ndvi.tif,7468803,8224a3786276d49689cd842e7d07622c7a1506ac270ae4673a7a18edebb09d85
data/national/ndvi/19075_ndvi.tif,5856927,a540cd1eea6748b18c39d2013dac5369ebb2413b8ba514486c015e279707f679
data/national/ndvi/19077_ndvi.tif,7100990,c6a95fa0c7cde54eae303e036c852e37fa7e8fd25b19796faa82c97ee0961786
data/national/ndvi/19085_ndvi.tif,8438394,ba6f7fbbacc5db54a6aae4e4cd23a8e1c21ee580999ca5e1cd194872d0dd9c78
data/national/ndvi/19099_ndvi.tif,8780523,6412bca52eea1d4823e6e89eae1e2f4ef9a88b2c9a6fd9e7df6c0de24ce73ad1
data/national/ndvi/19103_ndvi.tif,7545994,c5c9626d98a7f0d48984004ef07448993c4b3f7460ac085f50f7f2e624325f75
data/national/ndvi/19105_ndvi.tif,6901456,286b121de0d8bc27f67d0cf639aac59fe5717af0abcf49ded858f66ad97034e6
data/national/ndvi/19113_ndvi.tif,8787128,92598516e6e34038d0bfb9ff7b4bd4366026787d529c648bbe6a45a1dd77ca72
data/national/ndvi/19121_ndvi.tif,6763105,ee25bda8895ac47490ec33f0725ba80ed764cf8ddc0cd4ad70ee96cc9a3f43ee
data/national/ndvi/19129_ndvi.tif,5255287,c04ef02b820827ea93f1ce1788d9460cdbe2bdd6cdc27e4ac36382917fc60e33
data/national/ndvi/19153_ndvi.tif,7310334,a7d4bf50dd2fed155b0ada4a7214e4809a6d2f908c85a871ee6e45945a18a79a
data/national/ndvi/19155_ndvi.tif,11457078,f2446832988bc189c65998763e86f458f9fb0f96d23446accdb5640465e7447d
data/national/ndvi/19163_ndvi.tif,5628759,1752de396686ea7773cdfc8460acd2ffd81c3637c82dec70b249b653f3b82b60
data/national/ndvi/19169_ndvi.tif,6835936,700e8d86be7e9cd054980377e3459ab73e1ab95436935253db425181fa6a0a50
data/national/ndvi/19181_ndvi.tif,6931084,a8b0cf3db1dee3f4b5b5f4a1bfdd4f5f48d0b710ffc47a3bd9650055526e4b3d
data/national/ndvi/19183_ndvi.tif,6837107,154a9897d71502afed44c2e3703159c4d9f84089591b1ef9a7b78922604b3945
data/national/ndvi/19193_ndvi.tif,10527222,23ec66897b32a135d1310f03dc4e63eaaf8f4358578aa866d7d5255b184c8de4
data/national/ndvi/20015_ndvi.tif,17660000,6364496ceb9fff64873a6056290d30eb859e3600ac4a1fd1114d15e49a649c34
data/national/ndvi/20043_ndvi.tif,4794103,d1ff8a4a85e85cceb88f2e293f4f9364de7886c40a31906cbc829ec0720baaf5
data/national/ndvi/20045_ndvi.tif,5835679,a6957956facd431c678f4f0d711251ccfc0d4d74c2b343cdc70eaafd393b45f5
data/national/ndvi/20061_ndvi.tif,5029469,2abb264ae8d6baf7286cdf559e9f2e18beeab1508ddac4b6a160c4a5a0df0603
data/national/ndvi/20079_ndvi.tif,6676418,666f325f114a584f3d9feb5a98cbea77d6b8147a46d49af165dc56df589a01ff
data/national/ndvi/20085_ndvi.tif,7996154,d65636272176b3319f962c34756dafcb66b1f4c173ba30452e8a9bfbd0ec855d
data/national/ndvi/20087_ndvi.tif,6795970,8e5bef1fa2e93576c0beea96121c6ddf922583b532347b9aede5e21a7a8740a2
data/national/ndvi/20091_ndvi.tif,5998752,16925c1078c97cb113ea6b44675abe870d731f30aef518a2cf7f431a4ba7abcd
data/national/ndvi/20103_ndvi.tif,5763770,f31a13458d153977eaacfadbd29e38cd6c609457c72c9a7a303cb666431bc18b
data/national/ndvi/20107_ndvi.tif,7354121,46c25799a311f7e29fb2ccca74ee81413c6ee5af366664510d04ace46942cf54
data/national/ndvi/20121_ndvi.tif,7212267,746f07d96e160755584a6d18142a175330a7c5a2684e8d315fb7310e481386a9
data/national/ndvi/20139_ndvi.tif,8765461,9f7686ba20bd9bfc007094b243ee2ff50d09fa586dc9d8b619d4b10425b6ce36
data/national/ndvi/20149_ndvi.tif,10568413,242afc039c38eb9bc35f37b1240f5c011e6b68deab46e90c05956ea03f2c7dbd
data/national/ndvi/20161_ndvi.tif,7727457,7b6f62c1d76a081400c243f9125cef42d9ce0c775253189948b7d96ff5ef35d0
data/national/ndvi/20173_ndvi.tif,12625518,99898fcc2a4dee49157c73e3c386e783ccaa86804ce65dedcb9aeee903555e8f
data/national/ndvi/20177_ndvi.tif,6821438,4fdb5fbf615e4e79aad273b87e3949e27ec6fdf4385af943344dc558cb610854
data/national/ndvi/20191_ndvi.tif,14760231,73c8f58fc221a5da4963719723deab78caba52bd0083648869d7165c3dd3bda8
data/national/ndvi/20197_ndvi.tif,9721984,247efb596ff5bebe4cb8533f97af3b62982b1e6196dfc72a700f675cb7cde6b3
data/national/ndvi/20209_ndvi.tif,1994505,b9621e4eb7d701482eaf1289d139651727aa3be113f9ab9d607f7ed86a483198
data/national/ndvi/21003_ndvi.tif,4273113,361aac0972aca08be634afaa1f54e9ce37a33b0715d13d5fd93b25bfd717b2fb
data/national/ndvi/21015_ndvi.tif,3222553,a6dc8d5b9a49805b98cb2c38a65dcbf197c9dbbc38afd3707770a3347e38e28e
data/national/ndvi/21017_ndvi.tif,3596407,b95b4fb0a9d469c4b3ca2cef74d100c0f4fef44a1ffdb3a61fff60e4d5985e72
data/national/ndvi/21019_ndvi.tif,2002917,3c02bbf1f8f557759c2f6091c3b4ee58071245b9b1f6d23301b6214b624399eb
data/national/ndvi/21023_ndvi.tif,2563416,f9f084c6dbf22db92814585b0af6565c0007244c42c80defef007c45d8a4d595
data/national/ndvi/21029_ndvi.tif,2866035,cb2a616a011c591bcc41cd5044a93b5d45a35cd8c8853c586cebe48cec786c55
data/national/ndvi/21031_ndvi.tif,4080057,33198f24451ea08fa246287b210bb6cdab8229b7b6f8529f0aa1fb476c5fa8e8
data/national/ndvi/21037_ndvi.tif,1573748,feac56713585faa8cabd8957b3ecf60446035d1da0402459f02a5119f862b053
data/national/ndvi/21043_ndvi.tif,3885781,d8ad59f6ec85f8d243a28080f17f968b580ac3883af3b4fddc01ee0404213cda
data/national/ndvi/21047_ndvi.tif,1001627,a18d3365d1abbc37d5acbc5c037a532c481134b39f44e57bd40df04df4fb0edf
data/national/ndvi/21049_ndvi.tif,363231,450f82856c1257aa665eeee58d60b77357d475666a2b74c51088b2c3e3d001b0
data/national/ndvi/21059_ndvi.tif,4582960,46d8f7dff5f5c85b6bbb29701c741dbf4d6d6912ce21a752d56cdc3afdae7f2e
data/national/ndvi/21061_ndvi.tif,2900924,e6f53fd43d3ad26eec09b18112a5f4ba899f02b61f3e3855f36ebf9ba92744f3
data/national/ndvi/21067_ndvi.tif,414335,8dcf5dc26e97f14ea29894d2b97a9643dbe4fb2823bc2bd6c7fefb0a7e85c21f
data/national/ndvi/21077_ndvi.tif,1025547,0608650f7a5f9e95cf49ef62a571651d4729d7a52eb739b6c69248916e98a27b
data/national/ndvi/21081_ndvi.tif,367094,ab6718400b8ed7de939f7a5f0c1b4862caf0bf7b877730c9bb2a2500f7f79b40
data/national/ndvi/21089_ndvi.tif,3341249,c409099a63e417351b03ee0f7f375e922c089e98c6baf8fd7a33e2d833d66c90
data/national/ndvi/21091_ndvi.tif,1906829,9fd79282cdb031c794736ec769160d23bf960f0d7c839bd975d4327cbba3b000
data/national/ndvi/21093_ndvi.tif,6046045,2470eca4ff8c39ad6b06b7535945f0d7c64bcb2c3067d3679ae9cb2a6a46183d
data/national/ndvi/21101_ndvi.tif,4492167,facd37a0b9aec82c3a79f5bed77c97bbd38df000cf5d61be0a61f97501906c07
data/national/ndvi/21103_ndvi.tif,411443,1a11ab9c7a9158ca9a231bb61fe9c3328bd72e1ae62aa45df8db62f9969e7090
data/national/ndvi/21111_ndvi.tif,3950484,671ce515cb235bc9133f6fe77ee61d31465b141adab9105d310cce207e853725
data/national/ndvi/21113_ndvi.tif,251366,6f6996f21c1d8006c760818700fd7e0ceea5c86dc75fb7247b82aada0e018ff1
data/national/ndvi/21117_ndvi.tif,1618043,6d9ba2e79b246f82160dab7b01856d965a0924740030b01377b97d43bf47cb1d
data/national/ndvi/21123_ndvi.tif,2522807,eec6f1e1cbf97cfba3cd0ba01ffe443a9d77ab6d463b1059ad2ccd240c17419b
data/national/ndvi/21149_ndvi.tif,3121150,b3961733d4469d51ff3f19d5ab10827f6abf2123a248a5ec498704a166b30439
data/national/ndvi/21163_ndvi.tif,3998563,b5e840f3708cac0727763a9b33c582dcd520380cdbc9eeec7621532b01d565bc
data/national/ndvi/21185_ndvi.tif,2442491,083fca4cefede833ed2ea8dc1077807e9d2d496b88cc3bc3c310c626ade043ed
data/national/ndvi/21191_ndvi.tif,3457428,5390bf1b66fd6d9fcb2f7badc3ea9fe8c3ad3a09f90e022a2ce455b3593be762
data/national/ndvi/21209_ndvi.tif,3523727,3321d9b30f62026a5444eaf8541d681998be8be94f02e7b9db392fb69eae701d
data/national/ndvi/21211_ndvi.tif,4718932,90904e85decbaf3a8613ef576d71f8eab8e8f031c5cd35b644c28b72d4aa6f0c
data/national/ndvi/21215_ndvi.tif,2351308,81cfb866e06a9237428501f41e76a0a8c4c66f46976ab397b443aab3d338f9fb
data/national/ndvi/21221_ndvi.tif,5837519,8abddb778aab17fece4f49a598f6d2ec08085072d1a2df25376b8caeb6acfd21
data/national/ndvi/21227_ndvi.tif,6660271,b541f71434e5327bca7aa6b748a95210bee6ebece59d093814db746acfe9a048
data/national/ndvi/21239_ndvi.tif,2408028,2c7fe8acb583c99f7e998157e96eddb2bacfbffdbdfe2cf2aab599789a7d17c4
data/national/ndvi/22001_ndvi.tif,8180088,16ab18282fe05779325b6d3180dbf638dec7fb3499b08191095202cde44f61ae
data/national/ndvi/22005_ndvi.tif,3790614,dea2622bc5f7f2a37ea434ec566d32505c4c5c222f17fc56c028e2a176f741c6
data/national/ndvi/22007_ndvi.tif,4575722,e18de44e6d836a86dc153a77c4f3a5b1194f306648d8ff9eeabaa1d23a04e2da
data/national/ndvi/22015_ndvi.tif,10640398,f93b3563ffb2d3e6aa0368de7d9789a2f3ae5e54b6f3e444c69b103ca83133e0
data/national/ndvi/22017_ndvi.tif,11711138,90f26d85013b2710a76015d17f115f4b5a5da1b148a97a045096957f938a9853
data/national/ndvi/22019_ndvi.tif,13522896,31796eea96a604b37a67fa9f9fac0c8b13cde1d7ed2276ad03d85f784ec2b17a
data/national/ndvi/22023_ndvi.tif,20950592,b106cb14fd2c5ab280d763f9423d8a0366c3158176f3545abe33e858e774eec4
data/national/ndvi/22031_ndvi.tif,10874196,391747a93f5297382adc6c5361943cd92f874f33191a8cf087bba051b87463db
data/national/ndvi/22033_ndvi.tif,5931425,1c9f78c83622e7ec82ddaf382d6154be3da0e4f29d8e85745fa912ced1920b97
data/national/ndvi/22037_ndvi.tif,5528853,3c7bffcbd2640b2b8988f37fad3ba2b59caadc23f45aa419f8c791af6863689e
data/national/ndvi/22043_ndvi.tif,8099027,bff1b90b60a3d385bc66af85c5875e1c54c6a8b572ffc59a3b625fb1b284b149
data/national/ndvi/22045_ndvi.tif,7962664,d2555d12a2a21581a8c15244fbc8da297f7a0350932727157be39e5656c6f46e
data/national/ndvi/22047_ndvi.tif,7939258,3bd0ad1fbfccb736602b74a7077dfa27d009afa4334b220696cba48f4a8de239
data/national/ndvi/22051_ndvi.tif,6879910,64b9c9b1ac1995e4416ddd1faa2fbdcb29a20ae404e5028c1e39b35dd5395713
data/national/ndvi/22055_ndvi.tif,3430019,d53abf7a2fcdd4b703cdb7da70664d708cbf92eb65bab7ab420a4269f19dfb83
data/national/ndvi/22057_ndvi.tif,16009542,fd66d33e2611001dae74734fe217daa704d6e6fd9301284cf987b8c3c3dad9f0
data/national/ndvi/22063_ndvi.tif,8485817,4ef768a0ab5f51d123b82e0f45268333ae147dd38bb03f86c925abd06b7f1e07
data/national/ndvi/22067_ndvi.tif,9874419,cac7d0619ce786bfb7dfa72f2c4cce8fc8a4eac454799e5567341491112adddf
data/national/ndvi/22071_ndvi.tif,4593036,346671863dce8d3d66e5fca54b40b346f9721ccf9251c6e7151c62e23538c181
data/national/ndvi/22073_ndvi.tif,7758549,6219c4f0dfee2d2bf8ea8961a8d097d2c8150f8c0be5cdac051af506703589c8
data/national/ndvi/22075_ndvi.tif,16113107,48b3e4d83e1eed40794fa25397b3ddce1526e1682b7fc1d9e9fe81345487bbe9
data/national/ndvi/22077_ndvi.tif,7317310,4b07c35c047d94d3d2399c132a3217418514e58683810303595013ad9bca4624
data/national/ndvi/22079_ndvi.tif,16639800,1a0d04e200e9bb8c726187ab8d1654728644e1219de84795df3c4173d6c7ab9d
data/national/ndvi/22087_ndvi.tif,8404709,d1ec37804e8b5be624b5baad938e19cc226a7b055eceb09c53ee83c1cc1459f7
data/national/ndvi/22089_ndvi.tif,5105828,8846dccd2eae3ea05e90a6317cf5e207e6135092138ffeff3474365f6b2b1bde
data/national/ndvi/22091_ndvi.tif,4979670,d808ba42ae4cbc1199056f72caceb3655deae263a91ecb07d4a558c5d41e9b39
data/national/ndvi/22093_ndvi.tif,3097383,02e520b0d04a0ff486d30ba87a8e5d207c2dad55154b970948cedf61780a7f5e
data/national/ndvi/22095_ndvi.tif,5316859,056e5492fd6ad663ead517787a1d1ca923f97273bd2d0033dfc69ad262a0b67b
data/national/ndvi/22099_ndvi.tif,10219159,dfd1a8d33d5eff37582eb241ac7018e05ab0d02bab932f696672bf717e7e0f99
data/national/ndvi/22103_ndvi.tif,13472435,117fe3edb0bbef923d9b51b7f0b29e545c1638508e799b5ba587bcc9df1fb4bd
data/national/ndvi/22105_ndvi.tif,10403065,2106966c2a072cf261944621a7954f16e26b2fa2809cc191f2bf12040436e08c
data/national/ndvi/22109_ndvi.tif,19215152,e07bee36c5276e37c321935b9e0c10030dcfa11d58b8771dacd164ec77fc345f
data/national/ndvi/22111_ndvi.tif,10905191,6924145a2ca8f6f740fd4e504d550a81c81c540e8dbd012daf570857018b07bb
data/national/ndvi/22113_ndvi.tif,16223672,cbaa363920e7a4e765ef1363a6d5298e91f686320162f8d1fef22b95f9b22be9
data/national/ndvi/22121_ndvi.tif,2572991,886201b27b9854eafd7bd72526d3428e1b59afd4ffa14928781d6cfc9d0f2c09
data/national/ndvi/22125_ndvi.tif,5224297,ecc57d09ca0911fe7860866a8eb6c0ee0092df98bcd3eecda6192d2be49d4795
data/national/ndvi/23001_ndvi.tif,5982863,ec2d8572806c90b1b86907687ab0c3e67fac3c4a7755e800a39c7c2cd32e91c1
data/national/ndvi/23005_ndvi.tif,11584611,bd5e422f7dc34808340ab8318c909f75913314ba99359efadeb3dde5c2e6d1a1
data/national/ndvi/23019_ndvi.tif,42056292,e15186e2c9b82a94634bdbbb1d9c99466b012d1d7a04913166c3f13b24f96a67
data/national/ndvi/23023_ndvi.tif,3676478,1619edaf45c7ae99fff7b6e2c3f21b81b60dd5bef709795d06effde6f91b457a
data/national/ndvi/23031_ndvi.tif,12267546,53e23adc64944ab8a4b477414d39094cd7eb85d870eb852734c5a5d53b453b8c
data/national/ndvi/24001_ndvi.tif,5154071,d7801a8877fb64222396b1454865ecc7506a93a2d16257e5891da1eff1aeefd2
data/national/ndvi/24003_ndvi.tif,5659909,3c4b268839da6aee535c7c7aa5461217cca15220528f958ff9a1af749453c200
data/national/ndvi/24005_ndvi.tif,7703586,ee5fbf667cab15b3c2b2a4da1f801696d66987583b19493cfa7aeff88368618b
data/national/ndvi/24009_ndvi.tif,2986245,b7634492d25ab5e670d4357269a363aa0847c968f261d45766010dbc695bb9b0
data/national/ndvi/24013_ndvi.tif,5547174,d74290610b0df7e839f134cb6efcfe92459243d5b79fbdf50d2d956e2ec5cd5a
data/national/ndvi/24015_ndvi.tif,4664118,8ef1d1585ce1a59bfd41f666a6297009abd3461ef5f942ee1b54eff2fef74777
data/national/ndvi/24017_ndvi.tif,5933892,261e3def6914ce905b7ce58fb9f18eca94f19928de07cdc5d1baf482b5f5a092
data/national/ndvi/24021_ndvi.tif,8140536,988220c071e3563e424b19fd48dd75405a859ddc4988607999d21c30f973e62d
data/national/ndvi/24025_ndvi.tif,5562903,a8507634c736d015cd9aebbd157a3cf81336afda6d36186acfff0121c41fd69e
data/national/ndvi/24027_ndvi.tif,3128647,e8feb868904dc3d6fa13f9d8ae9eec205941df690360ac74debb4c1698b50814
data/national/ndvi/24031_ndvi.tif,6266845,2f1ea8445fc68743855b0b9c6b3f761e62e3a2fae820d5786623093d1ad2ede8
data/national/ndvi/24033_ndvi.tif,6247269,327626acfaed870f30089a27523b49a8afec3f436898db003d6f2f210b5e0f5e
data/national/ndvi/24035_ndvi.tif,4894408,6218473e5e446fa4bcf7b8b0f11bcaa430e43d434cac383fb63c04629e7c7d30
data/national/ndvi/24037_ndvi.tif,5032691,b00defa8c5ba92131b6bb330b7f5cc0be1354eb29460ae3531048fe96b71ce18
data/national/ndvi/24039_ndvi.tif,4406311,2d28044c925cefd628517926801a8d4d4ce273816ac4b7d95796ff0e688430b5
data/national/ndvi/24043_ndvi.tif,5838001,675a36845ba4c23c513c2b701b6d269be420d1c97a29129afde974f87a91f8c4
data/national/ndvi/24045_ndvi.tif,4737711,f5d7b5787c6d8fc2fa52daa1df8b44e3aa120d9d7709970903f3a0e567d1c6d7
data/national/ndvi/24047_ndvi.tif,7223334,0ef07d939c969c5a409d76cf0eefb6814739cedb50941cd44b64f9a519e98e44
data/national/ndvi/24510_ndvi.tif,1140194,0af6255ddac9e5581f0f07728fa83e864d5ce596d9624dc82a823f3c28ecad2e
data/national/ndvi/25001_ndvi.tif,5673639,c8d2a7588aca6445d861d3fade78509918972f33b76747069667f43fbd65f468
data/national/ndvi/25003_ndvi.tif,11071669,80fb3b24d8ece948b27e903676a1fbc9bd3f193d2b00995133eeac0a03745a08
data/national/ndvi/25005_ndvi.tif,7256365,665488b5ba4fb87ffb52df342c8e1ffd7ab3100df83e59f4b0dd2f3705cdc9b2
data/national/ndvi/25009_ndvi.tif,6593747,28ca6627848ff194c72148678fa1ce1bd3e18f6c4ec5d5b25af35268f342d9b9
data/national/ndvi/25011_ndvi.tif,8522075,f9324804d11751d323ff47ffb223d5165d83757c6715d0a45ee6772259048c06
data/national/ndvi/25013_ndvi.tif,7641208,55dc8c8d1c8265cf4cfe32ea500b93ad70107be9e9756e66072897fe16e5376b
data/national/ndvi/25015_ndvi.tif,6510621,70980f0af2f3b91ecf2e50f87afcc4f3cccf6156cc400e34f484ede444ef3a1e
data/national/ndvi/25017_ndvi.tif,10448710,d9ec7c554cf0a47bfc8e898c43f83061452cf02bf95e45b28b3a207e3ef58b27
data/national/ndvi/25021_ndvi.tif,5114269,4b5d957c3ad4fb6f479b218cadc1ffeb745e505d7f38257f4672d6503af91dc9
data/national/ndvi/25023_ndvi.tif,8651896,93a0cac66e30b9cd59c0cb5a7e51bfc33a7a3b39a8d47f0e76301bd4d7781590
data/national/ndvi/25025_ndvi.tif,869782,23f13d8e9fd513ffa80770837216fabc6cf2d5d7e80485d0cb08a13a199cf710
data/national/ndvi/25027_ndvi.tif,18947477,3de9e33de731cc2a547075a58b81b158f6238206772ad9c781862b94b3e2b816
data/national/ndvi/26017_ndvi.tif,5592024,091a3e6c89ea0dd8461348fbb71ab265c30d0c3586431f6fbd3411e3ea22a093
data/national/ndvi/26021_ndvi.tif,7169750,d9b30787e4f4d47b3584d7113bb1f8d4a3acee3650e721667acd316d2a2bf1e9
data/national/ndvi/26025_ndvi.tif,8705375,d19e1854f526e2ec19fd0d4ff8c52b559f46487b57f628c9e1eac566f16863e2
data/national/ndvi/26027_ndvi.tif,6148640,3cc7b5e42b2a1dcb51cd166b242b4522a0edc90b4040d1aa7f8c9a117ed6b452
data/national/ndvi/26037_ndvi.tif,6986980,7a980f18d9a35d3005875a257cea5af8117737ae01d75ad9243b40c5a0c06ac6
data/national/ndvi/26045_ndvi.tif,7033295,3dc39f212a43cd197d7e5ad49ca617bd6a217e125031f3eed1853a9d4db35f70
data/national/ndvi/26049_ndvi.tif,8023866,773710221d0ff3590d78051ebfffa7cffe1a6b17d6022fc3c0e0298e62e31ce9
data/national/ndvi/26065_ndvi.tif,6824969,b389b12a8f482b7724b57a7c698185a6e18b5fae2e2603aa51ee84dd156634a9
data/national/ndvi/26067_ndvi.tif,7022350,95ef7a0b7c1361d212a31f6be813565bd70e424e7e3966061733e84d82ede151
data/national/ndvi/26075_ndvi.tif,8800863,219837da2f4cf786f219cd6cda42c1229134c16adc41feac8cbbf73b0eee48a9
data/national/ndvi/26077_ndvi.tif,7094304,f50ca528331e6c58d3d39d53272be6bc830a4353f45d8368ea7f994916c99367
data/national/ndvi/26081_ndvi.tif,10766987,51d484ec70a682bc285f60c7bf7e5b9b742c8d938b7594a0c1febadd86d73b1c
data/national/ndvi/26087_ndvi.tif,8068441,8f614acae67f1edfa813ce3f23525878e35d199ce0d5371f35a61736c611967b
data/national/ndvi/26093_ndvi.tif,7161337,f5368d73675f579862f46d5f67c3db1a1da7b7aa59eba4f0173efa61d2c79588
data/national/ndvi/26099_ndvi.tif,6101692,c6e18ccff767184ab34708e810d0a3c8ba9098e4e6eff6c2f4f3d31b1b30d363
data/national/ndvi/26111_ndvi.tif,6378633,b5887cdf67f925ff278e918b3d039627c6ecab2c78b5fe5931df8d6c80bd66cd
data/national/ndvi/26115_ndvi.tif,6904675,3a831012a8dfe603b050effff6df969f405673a43a13b0f46b82d33a1c68a012
data/national/ndvi/26117_ndvi.tif,8793337,2e8a2893c050ca60d8ad6c9039ba25389c449e97c8613f612bd2b56739d6ebb9
data/national/ndvi/26121_ndvi.tif,6510711,0c271e86b1c666e4b70323a896dc0af693065ff89cbcd71d3c944df024661019
data/national/ndvi/26125_ndvi.tif,11291729,a2b740a9d60e79ed14efe691445e63d0fc6afeb918878f4e71d62a6ed063fe18
data/national/ndvi/26139_ndvi.tif,7171434,4355bb38d2dbddce1cc698a53ffc2f73eaab8eabf96616b8547b1daa1190d0de
data/national/ndvi/26145_ndvi.tif,9946780,e6b6f93ae09b60edf7fbcff8df082b7516202e28e8934d1321c62988a7e35bac
data/national/ndvi/26147_ndvi.tif,9256233,601034f2f5f34b492b96ff4d7290f9757dd7c3a87e9136dca8ed0c70657e06a7
data/national/ndvi/26155_ndvi.tif,6562902,3b7780061abc8104e2b4de13dacb024fd3857bc4f3248a1b214bd4703007dc33
data/national/ndvi/26161_ndvi.tif,8851803,5fc8a8af1250d76975812b86d4eb01872e99727b775af37814f3ac13e292efc6
data/national/ndvi/26163_ndvi.tif,8055666,08fd844b0f3203c03a19846b3794093b19b5ffc635a703039cd776f8c1176116
data/national/ndvi/27003_ndvi.tif,5545329,312375b0b470813ae6278bfdd5f55bf392c5566f4ecf76dfeb5f1a3535d53c9f
data/national/ndvi/27009_ndvi.tif,5014301,6c50f4338f79b5ce94445086ad3d21b0ea373c0d33fab05ba08b5112ca523b07
data/national/ndvi/27013_ndvi.tif,9374154,faf0a406701acc01cdd20f8e0037c58e55da6f66ee4e7156435a141912abcc09
data/national/ndvi/27017_ndvi.tif,10442757,6711e101c231b43a110b7258ea712b199b7c9116b298af01986b2802ea353eeb
data/national/ndvi/27019_ndvi.tif,4657527,833033b1956d48f86387e02175aa4e6bcd62571f0599ce5e2a0cf7e6d3f08579
data/national/ndvi/27025_ndvi.tif,5486266,01da5838e703b59407e06331a4aa7d9317f3e43934e1e741383fbee395b3203c
data/national/ndvi/27027_ndvi.tif,12760037,160e41f8ec598f99959fc37025cc7a2cf73e1d6d7a8abe290b4cb70f92c95666
data/national/ndvi/27037_ndvi.tif,7306498,cd62541f4a570565fee30edc3e23d6914c29b049d6bbdeebee19a7efa0b3538c
data/national/ndvi/27039_ndvi.tif,5261946,e8d6133f5853688942f2afb2235440d442e2473f7bd9609e701c25c017744d8e
data/national/ndvi/27045_ndvi.tif,10294822,5a48267c20acceee917ae9ffa7f1962c411d28c774646a4e7bbe97b12ee4d2f0
data/national/ndvi/27053_ndvi.tif,7688587,554bdb3c8b19b9e0db6feef4cce999f9c261d704f03c1e25d896da31b28cd360
data/national/ndvi/27055_ndvi.tif,6807350,ff4f07fdd12870428b755da9b78af38c87b20adc1099e91cd98f1f826431c530
data/national/ndvi/27059_ndvi.tif,5536555,6d5d0e3118e3abaf92ec3da4b9dbc77b262b308374e58c3fb02af70314ea12c8
data/national/ndvi/27075_ndvi.tif,27736728,dc2f0b8c98a46b1a0146f1e1744b8667c8d4e1775e8256a573fd0a48056d0332
data/national/ndvi/27079_ndvi.tif,5814059,137c2d70bfe2898949a4cf4999af3b86ff171eac5bc27e7847b2283fa908c6a4
data/national/ndvi/27095_ndvi.tif,8336393,9ae37f69f7ac9b6debccb714157c01ff5d3271da4eb566087b3562b5d539ed27
data/national/ndvi/27103_ndvi.tif,5681712,c3fe994ea22092188362d3295a614bab77db3850f941321fb1b0fd8fbf0ec28a
data/national/ndvi/27109_ndvi.tif,7952852,42583e4060a3899aa6dff99ec791eda9c38d710a74ef09e2e38a21ef80c42e06
data/national/ndvi/27119_ndvi.tif,24223138,6e940bfee01227310705195c1a8dac14ca0205f30fe1ec9aba4b82fe1596ae0a
data/national/ndvi/27123_ndvi.tif,2193407,49093729120f605332687c3bbcd50b29e25beb967350ba94bd79015f5c50d4c9
data/national/ndvi/27137_ndvi.tif,81276551,c8a3df9708a2be8f158f8c0d086993478e4f8f3f24b4b6b1dc2e204388f2f9e0
data/national/ndvi/27139_ndvi.tif,4583881,a6b5de793f721781ce1c9828cc05cc61a4b3a5a42eb9bd603f9c35845e8516c3
data/national/ndvi/27141_ndvi.tif,5589561,b17a6b7aa369d4d2e501c226c736a132286bc8c16fec615e37adcd65f07e68d5
data/national/ndvi/27145_ndvi.tif,16883346,4d72a7261568725550568ac727e44473475c7a94e95ce37b059cdfda0c10d4d6
data/national/ndvi/27157_ndvi.tif,6672547,7381b15af650ce3f3045c582bd8730f2034f4b1cc48b0d74f571e8b547876fdf
data/national/ndvi/27163_ndvi.tif,5335673,8283e89fdb97a6be5185169a9d414f260d9c856ce83521de559ab48aa8a19f8c
data/national/ndvi/27171_ndvi.tif,8845917,dc0bc8453ef5e13bf1e36e6d17ac55b60e01f6048b358b2e619ee1eb74ab3748
data/national/ndvi/28029_ndvi.tif,9388019,ee0dca2758b39a158722ae8def7a067bc5942e34fa45a00d3d1174869acef97c
data/national/ndvi/28031_ndvi.tif,5078841,de3ed73a049710ca0dc57e2abb6b1180cbf948053ed967d1a7f6739d14079dd4
data/national/ndvi/28033_ndvi.tif,6159313,659ac9f586b4953d079e1a42f1b500a1fb41bc79c4a4ed2cf389601a7bd3fb81
data/national/ndvi/28035_ndvi.tif,5779321,e11117d6d63de61f79db4e87d06ffd9193101829e274164e3b0056f84ad287cd
data/national/ndvi/28045_ndvi.tif,5952823,132015142ed99e779130fff2fdb9b5413870a407ccc0b6e7278701039359ab01
data/national/ndvi/28047_ndvi.tif,7287669,f0d3ff183c71e6387553d09110bfa34570d9045bd908a6b5bcda7774e2934e20
data/national/ndvi/28049_ndvi.tif,10687420,e53f62a54bd326e1046fd12473d4f58289aecd841f3d1ae7b14f83794d528109
data/national/ndvi/28051_ndvi.tif,9215208,fff893089b94ebc3d957996ab8d5cfd8e96886f17f1a30f1fe1c077298e76f87
data/national/ndvi/28059_ndvi.tif,9199232,1ce026335789ba820634d03ecd389500fd7cae8cb72533be1291f97143b8c1b5
data/national/ndvi/28073_ndvi.tif,6126730,fce8636c65962597a91e142fbbc78cb175eaaa28e59f2ac83484e3c501dead6c
data/national/ndvi/28089_ndvi.tif,9145255,06edffb18994880f49bb53d36bf00309ee6a0d0ab48e6352b296ffe43943486a
data/national/ndvi/28093_ndvi.tif,8594909,b6347e64285c87748dcff7012128bc42bd02b8bda2028dce0c517963905aea34
data/national/ndvi/28111_ndvi.tif,7837287,fd359f5eda2f7f3c3d2f1aa2d114d787e96d8e0e17fd8111a52bd53bd59a1c5e
data/national/ndvi/28121_ndvi.tif,9891109,4ee6b4e045aaed573194f3f7615cd1b1b17bc7762ddc3f072b2a3fcbac98fce1
data/national/ndvi/28127_ndvi.tif,7147775,0b0ffa33d287bc47dddd8984120f520b06927a19b0356842f41d8385cc8bc36c
data/national/ndvi/28131_ndvi.tif,5413917,b1192bf6078ff67b76806938900fceb2952b231c1ff78ddd8fade958952d68af
data/national/ndvi/28137_ndvi.tif,5019042,207407f36311bebf77f0cc67b484840f78b2b7b2a80aa783aead62da27aa5656
data/national/ndvi/28143_ndvi.tif,5936148,a559dca8ed61ca4f3c047d956827799e93bceeb05b6c9082e1714097d161e8c1
data/national/ndvi/28163_ndvi.tif,11257924,69f182a1c970539d75e9e721f34b49c8fa5387dae29f2677997346b03fd9c238
data/national/ndvi/29003_ndvi.tif,5268317,763e47aed02607b1280d104277585518dfd7260d93a42ddbe66600c87a052e08
data/national/ndvi/29013_ndvi.tif,10306717,66f0eb773722ec5942878050e5dde0db03aeccdcdff768d17ee7ba308ed2dde4
data/national/ndvi/29017_ndvi.tif,7429387,b996214844bcbb4c51c77727543e05849423d9de8541a1ee960a4acdea653426
data/national/ndvi/29019_ndvi.tif,8462033,423a2d3b7a19b054eb3ac6af0e67bcb6839e81e5a93e846fdde03076a00236da
data/national/ndvi/29021_ndvi.tif,5049702,d7587ba2852e73f86e749029c1b30eb1c941f94c5ffb8b75ac558a6ce22cd7ec
data/national/ndvi/29025_ndvi.tif,5183178,1ed2aba782b234942030afc63b88d56883d499ab2262439d7fa95c962a7c6f08
data/national/ndvi/29027_ndvi.tif,10211579,fc61a2708e941c27593df2ba11e486df60edd9d6dbb579f6c7119081da835497
data/national/ndvi/29031_ndvi.tif,7197350,6bbddf2fe329b6df63aaa4d282be4ef8db600ba58aee6b4be43957b7214b65a3
data/national/ndvi/29037_ndvi.tif,8585199,3ba05d3baae58c0c6f46606bc509f42e88f1197b72970227da15c0cad5dfb3f9
data/national/ndvi/29043_ndvi.tif,6781752,53e20a8fb9e48dfbcf9dee40d75a2bac187ad960e1862bd422a780c3067ccd9a
data/national/ndvi/29047_ndvi.tif,5082219,f141e419116db1c5023b4e27c1665618f4a25f00df57a05c8008f06b7b144a3c
data/national/ndvi/29049_ndvi.tif,5104859,7e4bd42de86a5e295dcd0788e25d553d448e0e436f2fb9a557a2e1d99a5ed876
data/national/ndvi/29051_ndvi.tif,4937143,f6e08af4fbd7cbb7dfdaabb0aa0485e9666944b102d0b70e91b0e99f580ca41a
data/national/ndvi/29053_ndvi.tif,6871250,8f626ce0c7d71013d192d6ddda8ac736b166c3737fe58c0e582202894d7dbd2b
data/national/ndvi/29059_ndvi.tif,6547157,b567a63b5f8a5df0f7600854a1892a5efedaa145811671311c6c846d810a8237
data/national/ndvi/29063_ndvi.tif,5139607,993693d077c1e5791f444e33203810863bb575be951c84b2a67efcf8c025ec14
data/national/ndvi/29071_ndvi.tif,11254491,29f836cbbb393d1bc08f4c7742e9d95709d8130228248fe4e4605f49614305cb
data/national/ndvi/29077_ndvi.tif,8277599,cc8f891f06ea13958acf9c7a8a1f40442993969cf85da8d96d0e234d3585fd5f
data/national/ndvi/29089_ndvi.tif,5711004,d8fa636a6c418f95392dafb341c2aa745b3a9b657a8579afeaa2e23620924e66
data/national/ndvi/29095_ndvi.tif,7687175,b902a30ccfa60e8174bd8e707e27518dab992accdda57b01e21493ec75708970
data/national/ndvi/29097_ndvi.tif,7849369,83ca72c7bbcd7112daf3d4b16382d322d8bfbf57c36a6232945e2b22df55095a
data/national/ndvi/29099_ndvi.tif,8113031,5301a9e69b6086baef2fe5e1910077102207eb72067c1082fde9d8640105415e
data/national/ndvi/29107_ndvi.tif,7667455,de6b5cd60e6a2edf3724e6e5cb78ab2545fb71f8ef6c76eeaef5561c1c5bb0c8
data/national/ndvi/29113_ndvi.tif,7794763,e818f9059f715eec59230cf5c5e99179304aaa978c629ffba0e2a17097c11785
data/national/ndvi/29135_ndvi.tif,5144777,8818007f6d42f5b835d0be572e79e1b2d4227ff907df4c6c7b2426b048a36428
data/national/ndvi/29145_ndvi.tif,7623398,fc200716d5866987dff7a2d3414d07318c438c74a33f012cef2e2f53f19b9222
data/national/ndvi/29151_ndvi.tif,7393383,f3dad7e49cdb7b304396606a70470a3c8728b084b96d4606cc0e7c590fa3081c
data/national/ndvi/29165_ndvi.tif,5253339,1c23f43abc1da0227ff460e8da2b7a5f77a46b34a774775b4c8299ca4de89931
data/national/ndvi/29167_ndvi.tif,7767966,57ac13686acd973e4f01fbce3683d81f5fe8637ef93e1fb0ef32946ad1c6482c
data/national/ndvi/29177_ndvi.tif,6919618,c701a45005297b3073d1722960a7efb64bedd708f26b199a32f83c2bc0f978ab
data/national/ndvi/29183_ndvi.tif,7441030,7b9dede0d6a45ba1188448b02b207b34a0ac17fdeea4b86c52b068b2d51c925e
data/national/ndvi/29189_ndvi.tif,6673164,3aaf119be7da7dea75f7245fda0a173c156312b5fef52952882a7a0ca7ae6c76
data/national/ndvi/29219_ndvi.tif,5320841,4f90cd29123ba82b7e7850de6110d0b3657e0ff00d107feb49e250d3ae98505d
data/national/ndvi/29225_ndvi.tif,7181303,8cca03abca64971db78006eceacd15a05017ae3dcf270e88d6b35fe2d0be813b
data/national/ndvi/29510_ndvi.tif,902795,3c4504de2e4668be649ddd53562d6e0682d80bb6dc1c379a10ef3a72fa649d49
data/national/ndvi/30009_ndvi.tif,25902896,fd4903bdb20bf93e9be4e2656cb0fda807e5f6ffe169270ad760e5ba1465c69b
data/national/ndvi/30013_ndvi.tif,33895446,7fc0652e9458015693aa07551209e3dc1de05a07a79356c035424d379a379143
data/national/ndvi/30063_ndvi.tif,32272836,242b953d12d2a5865ddba52b179ad1cbf4db754075b04a686791b7042858583d
data/national/ndvi/30095_ndvi.tif,22828648,4a629b7d3e7cd946448de7d3e70e421843b50d0726af48603a0a452ef79a599e
data/national/ndvi/30111_ndvi.tif,33285453,4cea3ee00384331d2def68b9ff2f68f6187c8e5b1dd52c156ebf8acf2f50326e
data/national/ndvi/31025_ndvi.tif,6756562,63648fa56cebdc856d5decead1da38471b0bea31e7e770855c199864055ee053
data/national/ndvi/31043_ndvi.tif,3202926,98ef125b17b0c09eb1384b5f44b6fb933977e0149625dce5b6d2404b47297f8d
data/national/ndvi/31051_ndvi.tif,5813618,e9387893cce7e0c809fcd7621dab2b1cda2f2fbc1ae2d44a091750edd21f7766
data/national/ndvi/31055_ndvi.tif,4290225,c433847e2df6774995a48ea2ab050e072c1c05722cb2c2cfab3edca4da9ac652
data/national/ndvi/31079_ndvi.tif,6641317,b5b58742da09916088507e8721652c485a68577ad4dbfed79e119808fd9ab387
data/national/ndvi/31093_ndvi.tif,7011669,73ca01f0877744784eeb47b15a3b033559ecc959fe51b65b238578c39c2aa56c
data/national/ndvi/31109_ndvi.tif,10310796,225c2eff35c28e2c13fdbdd6a5d5ba55ab49a053b51437a8a22331fd6918913b
data/national/ndvi/31121_ndvi.tif,6135396,72067352208cc2c423d4ae4a04cb9fcbeef08587df0014c3d1104298af99b757
data/national/ndvi/31153_ndvi.tif,3109293,de0ba59b1fa54564e6600b4807cf659c7d203fa206923e6e06086670303a32c0
data/national/ndvi/31155_ndvi.tif,9101484,1335c6ea289ce29a4031075dd60b0b75e8bbab5b95411d1709ca0e3a97260d21
data/national/ndvi/31159_ndvi.tif,6817491,ab029a270e45c0560d6109ab3a3d945882998a4426e7864d9527db3e69184a4f
data/national/ndvi/31177_ndvi.tif,4782660,e68a453e8f06ee9579c2c89b0d4857854a2b82e4d1e9a336c3531f256eb87a13
data/national/ndvi/32003_ndvi.tif,99109828,fd54939ec32c62d48b6b8b71ef5c16a8698232f7e0a776ebaef15c7a4bf9abdc
data/national/ndvi/32029_ndvi.tif,3375878,89fc5ffc7887730fe8622163429851c773981413bce6952b8541913e0d483ca0
data/national/ndvi/32031_ndvi.tif,81972671,967d4879748acab00066932774a6686247d20bb4634475719294633be518d316
data/national/ndvi/32510_ndvi.tif,2010583,f00ac8e7fb9b6912ca6f38a4620e710d2a622d275168dcb5ea7202ac43ecd82c
data/national/ndvi/33011_ndvi.tif,10713723,442675742eb1cdf3b223b12c597c27bc9b8ccb59cb8d683e5e1b5791f11b3754
data/national/ndvi/33015_ndvi.tif,8833032,1d70bd55dde15bf9e3041b44a57286c11f1aef62940eb833430fc49fd92edfc6
data/national/ndvi/33017_ndvi.tif,4639520,faa25592432f718644ac736ab765b5edabe1ae636f00865494c778df012ddcc3
data/national/ndvi/34001_ndvi.tif,7542520,7c813742aa860fbce5a79a6e653a534164bc4f63ba17e6c43889894a6b183d18
data/national/ndvi/34003_ndvi.tif,3134567,3738172c2f8d4fb44daebc5a110374225eb75ceb208f6dbd8acffcb451e117c8
data/national/ndvi/34005_ndvi.tif,10042028,e5f317cabecc44aa2142e668d048c1d9d2a4646e9448b893bf8e397db0221094
data/national/ndvi/34007_ndvi.tif,2905781,696c98b6d187ac71b1b7396e16590946d3b5e625705a59a11062372305954e96
data/national/ndvi/34009_ndvi.tif,3631080,1bd9a3541df11c7d0292a26ea6d68fa8a306cc3f0dec18d90ada742c2ef9810e
data/national/ndvi/34011_ndvi.tif,6229427,8b98d85a88594ee7656cb2200f4ec16fc2891185bff70d82d7c9f15a50e0bb0e
data/national/ndvi/34013_ndvi.tif,1648821,59eee130dde57221a2d5f7379b6291d70e8bb4a67df9a3968ace5b6b27037956
data/national/ndvi/34015_ndvi.tif,4219927,d80e7efd94ed97e3f488cba946ba80b0389960ff87f7d4aecd270f1676897125
data/national/ndvi/34017_ndvi.tif,736659,6837080da4e904da8f53042059edc745799361b9f326de0166619c87f3638379
data/national/ndvi/34019_ndvi.tif,5341079,11c1c3c2c0212b90ec9fe634458b629d808a29e95a9dfe155a599ea7f4a04dd8
data/national/ndvi/34021_ndvi.tif,2871692,d8ffe3fcac266eb806fc12561f1a1b0509c8202bc0b36aee2bb12b71df1761e9
data/national/ndvi/34023_ndvi.tif,4036831,5769e2c9edb18fdceaadd362dfdf792c62fa06f29207f4be96bbe589757a56be
data/national/ndvi/34025_ndvi.tif,6096116,cf2a126de3364b78200fb4ff09e9be17279a993d74196066e8e1a6ea1ba1164e
data/national/ndvi/34027_ndvi.tif,5890765,6cbaf5f590b141a12e952298c28142dd7dae4ea542e78083596e11a28288bff2
data/national/ndvi/34029_ndvi.tif,9498260,dd6254bf61f638caf1f41181024ce2dc1ae904f990773227a676f7f9e1a7e578
data/national/ndvi/34031_ndvi.tif,2477771,83302230d6271fcd8fca341df37bc0c94463f52935e10a09582d644633344d65
data/national/ndvi/34033_ndvi.tif,4338560,ab6ba5be76f4642d271deb96499aa794746571ce725ac89105569b1c6c1f9d35
data/national/ndvi/34035_ndvi.tif,3790173,43444a210dbff6bf3ac961365ef8e5397f4a36743c1405fd21d28ec9a8b16d04
data/national/ndvi/34037_ndvi.tif,6405577,17d21e638858d1da0a6475e87a3177e97d23ac45a3a3aa84e48e5ee5df17b0f6
data/national/ndvi/34039_ndvi.tif,1353623,642e5d43980af877eed92556ff00704e8aa8bcebe16f5040d86730916c73e48e
data/national/ndvi/34041_ndvi.tif,4394649,7b3ee5efb09741596fe2bc9349c7b0e2d309381477e9f844f405640bf63e7d2b
data/national/ndvi/35001_ndvi.tif,14677426,e6cb3ddab5ceac2f5597110d615d01e91cac4876eb086d255500aa1e98edadce
data/national/ndvi/35013_ndvi.tif,47238242,374674e3acd9bb2c4c3095d5d4304ec692a4c40a2740201bb63d158a0a9d8176
data/national/ndvi/35043_ndvi.tif,46302763,a1f92cab8c0655eef3f146914cd3f1e138477b8a2bb08b962894eff7b22e35a9
data/national/ndvi/35045_ndvi.tif,69111740,9c7fc42b21a677f854299b71d8ed9c42eda825ae501191aa0aee436c74a8ca20
data/national/ndvi/35049_ndvi.tif,23782162,4fcd22d3c3feea04cbcc862180c08ffae44369db5be2032f84fc4516525127e6
data/national/ndvi/35057_ndvi.tif,41308334,7d9d2bd3c9ca8e9e786b162362447342363a1b3804230c01c88a53614ed32b37
data/national/ndvi/35061_ndvi.tif,13350915,4266bf8ce1cf38e577faf3c9bbcb9e52c80f65ebfd11580959f03de940212b7a
data/national/ndvi/36001_ndvi.tif,6457674,02e4d0179dbbb5bab4dd97eabf4d372e0c6c2014f3b0ab2b2f08230d9d95d891
data/national/ndvi/36005_ndvi.tif,649648,6b557782cf418867ace457256861454102ce0113e6c8d45efdeea32a85d582cb
data/national/ndvi/36007_ndvi.tif,8528234,3b991082a8ed82f0c6b573cd82b25eb25ae3652d143eeaea3a0b978ae2b2518f
data/national/ndvi/36015_ndvi.tif,4879915,7adc398c4af4ba34ce7561750a9c08375de6b1bc615d882d906bb2eee6b9e6ac
data/national/ndvi/36027_ndvi.tif,9984415,0d99775eb0e626a9b8dda271bb9ff0a3d96079804b812e1e9fe17ca77916e917
data/national/ndvi/36029_ndvi.tif,12904430,73b822feefab976b596b192335c0c478ca3c36705ea7daa1ec80eab36057e733
data/national/ndvi/36043_ndvi.tif,17142879,76c2b0ebed4889f684aa8bd7e6296fa519e16a4dd0ebd58a42449fff53655143
data/national/ndvi/36045_ndvi.tif,16127128,b2392e21ad9f0ac3cc5d5355872fe1becba27bbc21263e31eedb6a561a7cea46
data/national/ndvi/36047_ndvi.tif,1078551,938602675dc740370b7214789a2c28c8a1f43feb1a0c68f048b8ab5fe7929462
data/national/ndvi/36051_ndvi.tif,7729612,00c5f45e217b1717b178fef19284ec18da83e2acf9b6bad93216dedbfcc21245
data/national/ndvi/36053_ndvi.tif,7922185,ec4645167ffcc3d9e881002f3d723d875e36b65ac8a549d6b90905f37331567a
data/national/ndvi/36055_ndvi.tif,8216593,426dab21c957261c0c39ac537c3f6037c07357f9827b460bd449377abb138ff2
data/national/ndvi/36059_ndvi.tif,4063708,c5ca16d341aaacf62b4d7de06dffa2f55574e6ce0a040e5354555923c01d9317
data/national/ndvi/36061_ndvi.tif,463783,61b3525b769a14f8249187dc10edc07e71a38411105cfc43dd401a51df16ea0b
data/national/ndvi/36063_ndvi.tif,6531638,1d4f2f71cdc462a553ddf835c4b1c4fc02ebc57abbfc1f39763f389e21a77259
data/national/ndvi/36065_ndvi.tif,15020028,fed4c88b8ef258c1b94623a3ff16a43c861c23e3096d8465b229c8677e8312bb
data/national/ndvi/36067_ndvi.tif,9738129,88f14548e8124fa95dd7d251bfa5f9e280834703c1b639c331fceccbf9850693
data/national/ndvi/36069_ndvi.tif,8021819,f7b09929055acb381be33ce4e8efe55964ef79aa8e66f50adf5e9daa4ecdc8e8
data/national/ndvi/36071_ndvi.tif,10141011,40f611571c94c880b27929d15781a1c1782170518152280d3fcd6b32d3aa02d1
data/national/ndvi/36073_ndvi.tif,4759985,620acf275b48aeb041285c458e501c4341c2ac133941b739a104aa8c06057722
data/national/ndvi/36075_ndvi.tif,12111167,2f89b41034ccbc545491c7639227261100f227ffed3b2c08ab0617a64846f1d4
data/national/ndvi/36079_ndvi.tif,2976688,597ac553c8fff477ac9dbb452e3c687cad306b97ab80fa453f265ac7bad685ae
data/national/ndvi/36081_ndvi.tif,1672079,acd50b616dba2a6a752ec2d729f7742c2f0fc4ff21808ccdfb54937ed1572238
data/national/ndvi/36083_ndvi.tif,7901423,a1d5c8e30701b704bc23b49b6071c773cee679d7b8bbdc4d96da1a8f29d1f627
data/national/ndvi/36085_ndvi.tif,769108,dec6f6a98f6d4f87628d90081fe9b4952b6ab56320c406fcf22f298df73c79bb
data/national/ndvi/36087_ndvi.tif,2547001,dfe19d81b91f2cd6bd8982d7f88180daa8f40f798d1c6f75d5db912f7ef00c45
data/national/ndvi/36091_ndvi.tif,10138932,986cdb8e870c03079cec1ee876d0f25a5a8d082f88d07124bb94b16a294f0871
data/national/ndvi/36093_ndvi.tif,2578265,9c52f619e21fb3e29cd6089b29a7be4fd607592b8e177283704fae61197ef37f
data/national/ndvi/36095_ndvi.tif,7408054,db72a6a6045655ed43e620363ba5c1bcdbac48f7d77407056718694f7426e670
data/national/ndvi/36103_ndvi.tif,15029056,97bd003e301f0e2ff9a1a54ece973512d0daa2f1db4c266077dc3fd06d6a1d8e
data/national/ndvi/36107_ndvi.tif,6216589,bbbc88fd2d92205a4a1bf08a9d451453495f8ba244b66c8edb6bf28d8f35c994
data/national/ndvi/36109_ndvi.tif,5857815,ca42671688a4e0a473317b14127659b73b3004fa9482ba130ba6e27ba52b2855
data/national/ndvi/36111_ndvi.tif,13668291,8c370da8abb0f4992d5e68f94db97fb997775a5b857220521fb6ec63f98c9cc5
data/national/ndvi/36113_ndvi.tif,10970713,bc8945727c7133bc12ede2c1a0d9555e35488844f57f4c651a72e2df244613fc
data/national/ndvi/36115_ndvi.tif,10089414,1a4dfa57395a0fa48d155aaf3ceb91a86f4b95e228699a397429713c5c3f6609
data/national/ndvi/36117_ndvi.tif,7364218,9c014bf009244f6af413aac2a527380b55e723b72d2b21b87d12f6e653d3ba4c
data/national/ndvi/36119_ndvi.tif,5939448,5b82db6cf0aed525d5d9cc8f02873c813ff319f4fcc4d296922f495878b87765
data/national/ndvi/36123_ndvi.tif,4562977,346bfaeca0a4dee3742f52b1e66c685953ef73f9c67c3361d651ed631ed2eee4
data/national/ndvi/37001_ndvi.tif,5356391,65c28840cb25b30d23108e8b919fef6df464985298f3537d5a2ade80fe818568
data/national/ndvi/37003_ndvi.tif,3208530,37136595844277290fcc67f5bf3bd74d9ffcea8cc27df357a62729f8b01faea4
data/national/ndvi/37007_ndvi.tif,6564200,7d01615dc7e619949165776c2267b84773ef67b9185375417d40bc226b49420d
data/national/ndvi/37019_ndvi.tif,11037205,ffe87c26658753e2a3869800743f5935ba3b16f4a48b6fbec9e83ff2765db71c
data/national/ndvi/37021_ndvi.tif,7881691,18a25fdc92b2c5939b7729179e1d2ce11ea114b1ad9fcb94628649d660396ba0
data/national/ndvi/37023_ndvi.tif,6189840,b7b384300798308cef7cf4220aa164317fbaaba149a9d1dafab39ce2936e9db0
data/national/ndvi/37025_ndvi.tif,4522799,48abbb393d0b31455f793db83dda20d25b10e5735b5a7d4c5e590dfa5c81be9d
data/national/ndvi/37027_ndvi.tif,5631163,a28f2e7a2f0c7bd0672d5a4c5996ea1fa6839b0d36c9766a1b5e8f41d3903e42
data/national/ndvi/37029_ndvi.tif,2973898,d19c8d9a98db1fdb18f9483141a58dd54f405118c9599c733f44c57ee31cffa6
data/national/ndvi/37035_ndvi.tif,5150478,0b87dec171d0c0977bfed086fd10cf356da060405019af47ad128e67fe76e4b4
data/national/ndvi/37037_ndvi.tif,8606700,ed7b6983579171b064079cba6e7a2785521eb42b74fb04a9035a80bae625733a
data/national/ndvi/37049_ndvi.tif,9017214,7a0fb803b0921f06df61866de41ef75851a5eff9159222c838038a62986339a4
data/national/ndvi/37051_ndvi.tif,8164198,cf69f339686b644d5f1d4fbacc2efd19d9ae04f67f3d9735cb89b6a35fa2af4c
data/national/ndvi/37053_ndvi.tif,3737480,8c26a094811db3284596ab491e4a42d4e711e18f8733b1a3835aba076c351c06
data/national/ndvi/37057_ndvi.tif,6989803,ac5e6482100103c8e5d647009ffc179e1931b058354f7a7800a1bbdf37560732
data/national/ndvi/37059_ndvi.tif,3278982,fddca1f3f8126522fc78795bad093bc08d8195fbdbd561a2c75334591e0dc920
data/national/ndvi/37063_ndvi.tif,3724139,d5a0a638fd3beac7ffade49b199ccde9d7c536612c48d7ff0b327bd7bb812c02
data/national/ndvi/37065_ndvi.tif,6184890,3a4bd6c3a21f5bb63afdbbcdabfa5a18299eff4ca60b630ced2710300606f0b2
data/national/ndvi/37067_ndvi.tif,5115822,1761dca48545c5f2b81c1786d8803625b0bbda058f8295a335d37c368853141f
data/national/ndvi/37069_ndvi.tif,6040697,9479db85628ad7e2108c420dd6bb16674af6b8561bd2ee8bac605cff458fe68f
data/national/ndvi/37071_ndvi.tif,4504264,ce5e419dd23f3e0aa7cdf9162c5d352171bdea40168177e62b52f1aaa836bc64
data/national/ndvi/37073_ndvi.tif,478079,722dcd31ca66c508e90a69b2e1e20085bd785975bb85b7941d19e67977694a25
data/national/ndvi/37077_ndvi.tif,750682,b6c9197fa209e5eed7b64e0fd49da309446b1c99fcb02c69213f7f3502aabccb
data/national/ndvi/37081_ndvi.tif,923319,b5b2501e962f250fb9515fda6471ff7b2da7afbf4c0c2148a8d594f76d87146a
data/national/ndvi/37085_ndvi.tif,852785,f64aa1768571226a154660d12912f90c570fd58e38963e17a4d572f42cf54007
data/national/ndvi/37087_ndvi.tif,750297,e97419f0bee4c2fcfbd0b6329df3f40ed9e88aa2a45b7cc06df348a5b0c80865
data/national/ndvi/37089_ndvi.tif,529368,dc51d7b9614421169b29e89026b426f24b3a5a174b6399ee17a60bf611c4cbea
data/national/ndvi/37093_ndvi.tif,565069,6ffdc8cf41c52816c595e41070e3f3a68ecaab574bde01d7b2e854d93e624bd6
data/national/ndvi/37097_ndvi.tif,855990,3a6647a8ff17fb0f374bc2a8fa9e6518d85df6bf52c09eb44dd28a3a8eb8bee9
data/national/ndvi/37101_ndvi.tif,1119704,49c3eac1d5b6585ee1a84466aeeae1ebaa6c53e260cacb8021bdc043cd9d37d1
data/national/ndvi/37103_ndvi.tif,665354,a94a320d4ff275f698f248269278d2c7228825ff2edbd4f99ed09081d9108b45
data/national/ndvi/37109_ndvi.tif,429439,22b00683067ac54a7e1e0f44c366629eb6ff71f52924a179c901ff27bff507c8
data/national/ndvi/37115_ndvi.tif,614828,1fa25bc87b6d0525b5e29fb248806b4ccb1399bd2d3cfc1503dc5ed96917d7a1
data/national/ndvi/37119_ndvi.tif,800933,a01326d6dceac1e8de4bc166633dc991acad986c80b058b7189ecaedf334cde5
data/national/ndvi/37127_ndvi.tif,770675,478b903745569fb97c85e040652cd833a7ee58ade8b0d45904bb05b6fd81de99
data/national/ndvi/37129_ndvi.tif,340155,b9160c249f8927246e95785c6052713e8f613c64902f9de295ddc1796f3f86ac
data/national/ndvi/37133_ndvi.tif,1138267,3687c01741574b8451f3e23f4f5fa0fecdcd241c6f8cc38e50a4a94d04ce3ed9
data/national/ndvi/37135_ndvi.tif,559336,1d98c7164799f0fd418be8421fd9fe51a32f04888ea3dfde2de28692fb74ec39
data/national/ndvi/37137_ndvi.tif,530610,28c0981a72fbd0c53daa00c56ebd6131b8962a36d097a162e80b7132784e94ae
data/national/ndvi/37141_ndvi.tif,1227277,8ccb3a6d3871c77673bb9d26cbf55b50ab82b2517832802f4d9df29bf8941395
data/national/ndvi/37145_ndvi.tif,566492,a6d55c22d515b0e8155ca33afa6151606be78667bfe70959475f743d6954546d
data/national/ndvi/37147_ndvi.tif,925948,93ab221ac489afd3fb2d01389251bee582ef296dc7e9b6412c2d86c27203c2a7
data/national/ndvi/37151_ndvi.tif,1088877,623514a277ac55a72d562cbb36257c7f382b12daa5c1466a3ff56b939ddeb8c8
data/national/ndvi/37157_ndvi.tif,787735,4d0b37c6d1e3e91cc6dab03964e28eefaee997a430de756677bfaa9d1dc1b6b9
data/national/ndvi/37159_ndvi.tif,737055,adb27cb940f8edc27aad51d9f301f1518541f029506507cd3fc3e4b3ad16fd92
data/national/ndvi/37169_ndvi.tif,629061,a4a17acb05939dd0dee942241d21efdf092893dc550ec42b7bec4ef4c46ba17f
data/national/ndvi/37179_ndvi.tif,898728,c29a0b70a1930716e23ad458678f10a52b8e844ed9d21ed8aa6ed437ba898be7
data/national/ndvi/37183_ndvi.tif,1224240,b9d3a08c5fd17f99f4af98cbf3e68069daff22c5e8b24176a55d1297b847b1eb
data/national/ndvi/37191_ndvi.tif,790406,da1144f8d04b4833b1f99a698527a14565f6dc2b7edf2f04d6b92bcd16ee692b
data/national/ndvi/37197_ndvi.tif,474496,5fdfb7ab525d119f4a0765824247feb138c3fdd27d262338bead4789fdaf5835
data/national/ndvi/38015_ndvi.tif,2316987,fa864204b2de4fea21887816f404616c2a71e186d4665e8629bb74680c0b2bc4
data/national/ndvi/38017_ndvi.tif,2405128,2fbb9986c16957659a1f9aeecfc3e7a9047b94a615826478d7f87ae1a214a8ff
data/national/ndvi/38035_ndvi.tif,1979436,1c60662e449a54decfb2a79f06cf4de327f3b11fdce98ed9fe90411090118822
data/national/ndvi/38059_ndvi.tif,2710380,6a849e35089993edbdbe9a98873a62a9a44a8099f79b29e5123db3e9f43676be
data/national/ndvi/38065_ndvi.tif,1015029,dc7594d2206bcb5ec07e46227cf77341c659aa89afa51a5cfbee418143b47023
data/national/ndvi/39003_ndvi.tif,570187,db83e2b3f9a2f004a4ed5bee4e32791e5d84df808005f886fa849078a569f025
data/national/ndvi/39013_ndvi.tif,750540,70e89642a12c944c10e30febbe8578b09dcd44cfc34c57f572bf39c5b08d476f
data/national/ndvi/39015_ndvi.tif,691731,2c2b898ed09906139ec4d69a7d8368a0d5d51d36170498542d06d9d191fcdbfe
data/national/ndvi/39017_ndvi.tif,663560,d9f8b7bfce9deb6633671a0880309845779d614a5e8cd08d8823b716f06446c6
data/national/ndvi/39019_ndvi.tif,562873,3b4e8e2f396bd7107b2c583d193ba286f982817e87f8e18847c5d42ff4d0bc65
data/national/ndvi/39023_ndvi.tif,557986,ad4b16d3d2751f346e6970c39971f820751b4a77019375711df7846de4b612bb
data/national/ndvi/39025_ndvi.tif,650568,af0a14792bb12baa447f936878c3778ce908963582588f2c38fd26400d3d3f01
data/national/ndvi/39035_ndvi.tif,670770,9c0c377a464ebad15933c476955a359db75fcf5acf79b73a30e1e039bd05c095
data/national/ndvi/39041_ndvi.tif,644203,bd4e17289f653a3ed4dec3002143a494fc9ef6b505b3ee5312b3b0d9e9a9ad45
data/national/ndvi/39045_ndvi.tif,712292,680121557dbdc23e8b012917bd9efd0b9a32253eb48a282bf421b8b98c1e1beb
data/national/ndvi/39049_ndvi.tif,788375,db3d83c6f0f7996946fa0b2f30092b31b4729e11136319f3efadb1171da3fa1c
data/national/ndvi/39051_ndvi.tif,564629,e35dc4d19a50a1a9386925d516e5058b0064c14c4b4a52f4e351d35ff1d63d76
data/national/ndvi/39055_ndvi.tif,575367,447cad9556f37cbc84496316594a9d74fba145a3fde50c6960706f6bc8a97539
data/national/ndvi/39057_ndvi.tif,578891,af593f8ad06ebcdae8736d57f31c88bdc43c4092821e79fd78c5b072c3172187
data/national/ndvi/39061_ndvi.tif,592693,3f55ac4d59c4c46994b865db90ca97ddfd82244f1816dafcc36098fe4f378d15
data/national/ndvi/39073_ndvi.tif,575998,e1c930ab990ea6ecb629fcc212ffb1688343f7a3dfddcbc4cdd7a3eb58c50fdf
data/national/ndvi/39081_ndvi.tif,582962,df4fbb29bb895f676858032e64b225e2b58ac9fd86ea17e944dafafdc6d261a3
data/national/ndvi/39085_ndvi.tif,341833,be0c9f171bf7ae103cc1e3fc9caaa3de7cb76b968807671bd9be478556f89488
data/national/ndvi/39087_ndvi.tif,627871,cc40c9e1b44acb234c77d23cc000ba4d75250044827460b41f61633bccf8fefb
data/national/ndvi/39089_ndvi.tif,946714,cee32096361a0d482a5e79793ae518703b395d8f0fbd44422b97a3474aeef082
data/national/ndvi/39093_ndvi.tif,710790,f08e3fa6a357dcfa7e70bc89d65cd5830f3034f4c7f3f3d0b77752c9e33ab476
data/national/ndvi/39095_ndvi.tif,513936,73d7412b24890f81927c71b3dd3989dd7bd58add0f2e5a3817bb62f9f5fdf850
data/national/ndvi/39097_ndvi.tif,658136,3c0979b81096f41b31887e3d901acefbe604a15d0f1717f2382f8cdd3153bcad
data/national/ndvi/39099_ndvi.tif,601361,a98904c44a11f17b3d254601aeff17ed6e4247f9a91863af855406bb000c9104
data/national/ndvi/39103_ndvi.tif,600499,1eb0e7c00f71aafdf9c37db950fcac56e05b39f01de46149636ee30490e0d68a
data/national/ndvi/39109_ndvi.tif,573736,972d81e6d4e336df7bb3ce399cf09d55551858fd9711d5833d79f9dd63a79f6e
data/national/ndvi/39113_ndvi.tif,664143,ef680bbf4a02cd1e093c021edca6d4dd8ec8eac9fd76285172c9567fac0c5ce2
data/national/ndvi/39117_ndvi.tif,570378,b07eac7e3436e070fbc761e64c3066b14e455a7fb242767fbfbc25570115cf43
data/national/ndvi/39123_ndvi.tif,394618,d59786069fc895bc76a789f3c91f7ba456c0ebeb1fe8db4ac0d89137184d1cd1
data/national/ndvi/39127_ndvi.tif,571215,c0fae8d51e8f623862f57dfc024556de4219797535f0038f9f310a9117ff6070
data/national/ndvi/39129_ndvi.tif,713588,455922120a61b755ebc94a8cd82716f948d6288cbef7ecbbac84c1c39001a387
data/national/ndvi/39133_ndvi.tif,708649,8c63725907605c9179eabde8e300fea2b65f2df37f94955b2e74b0b45352a431
data/national/ndvi/39139_ndvi.tif,710284,6a91d58d4087b4373a960d6630bdddd26999f73993d30cf26cf0edf797542e6b
data/national/ndvi/39151_ndvi.tif,823471,09bbc41bac175ed65ad6a9811d5f1b5a2891ed980be2dd80c2e9b7d84261e3ee
data/national/ndvi/39153_ndvi.tif,607345,91d816843c514dffceef22d6862ecb8664ae1f908cead3efc0d43d0b3586adad
data/national/ndvi/39155_ndvi.tif,889011,02eecf371244eb84c301615c1f5bb9790ffa823bd0b0aa82731732165f4ef039
data/national/ndvi/39159_ndvi.tif,613618,446a2adf4cc54dd38741cbc1097a776d7918f68a1731f4a16da39badefc2ccdd
data/national/ndvi/39165_ndvi.tif,578624,dac4ef725edff039d80a10a9c5db36dad8152ba18ff978ab7e78dfdeee3cf5f9
data/national/ndvi/39173_ndvi.tif,879321,96a0116edd2be0e50320e86f445b94660982f81f60fe96f7df66f71b91af2c86
data/national/ndvi/40017_ndvi.tif,1284113,c2459f04f236445d0e2e732541f6ec109537b160a56fa6521decbda07aeac917
data/national/ndvi/40027_ndvi.tif,799726,17eb294e1a696c3e25ce8d0f874b26605f2f0cfac8800c9c54bc71ed6202fc15
data/national/ndvi/40031_ndvi.tif,1530721,d10c77069dc4bfa84b6f41028b3d878cf81b45eca133872d4725bf54a0877320
data/national/ndvi/40033_ndvi.tif,928812,fd069242e04f41936c8e70346fb9d26affc1e544438ff269aa053500ad1ce8fe
data/national/ndvi/40037_ndvi.tif,1345114,4d14886b98451ca06b47ff619afa03bd30b52fb33703a43922f248dcb34d84e2
data/national/ndvi/40047_ndvi.tif,1501721,3f6a5feab582945da9a721ddbd06d816a9e585d09c9db2a3fc4339bf282b07bd
data/national/ndvi/40051_ndvi.tif,1561347,e36d67a14f81efe1d8556471be94e17c67f24b4fe1db9bd166c03b585390252a
data/national/ndvi/40081_ndvi.tif,1330539,1109f3a4e3854be00dd596d3ca571af659098c5428f70a6f18b17c353633915b
data/national/ndvi/40083_ndvi.tif,1058383,33b2a466353df287a2db216da71fba272036bd719c9ed275164839fb409874a0
data/national/ndvi/40087_ndvi.tif,833829,f917c0f8d071f4e01fd86adec04ba650c27682f42e03a7963584721bd8e1c57b
data/national/ndvi/40109_ndvi.tif,1017606,faa45416ee893ff7ea15608da9be599a3a097ddb36d27e26c317f46f1a282892
data/national/ndvi/40111_ndvi.tif,976572,e79c1af1a8eba76d451951c1f16ac8c104e7430ea2d0fb9320badd4d3f18019b
data/national/ndvi/40113_ndvi.tif,3192714,6b573c2cd2da3f5628be031df7022fba9f4a8dea9ea52cbf766b30911306ef03
data/national/ndvi/40117_ndvi.tif,851808,cd117bdd821794f599d628380b0009b7d38be1202405441426dee3a2d8fa67c8
data/national/ndvi/40131_ndvi.tif,1007586,51cec901e45b1894cea54996efdb1f4bd049daec69c5571f835952e5eb0d2db1
data/national/ndvi/40135_ndvi.tif,997680,9fe1f9a25c787a7356c496f6ff41a95b0531e2fb7cc9023fc3090830a662f190
data/national/ndvi/40143_ndvi.tif,847467,ea4870527f22b4c6118dea516a4e4ad70f17ae0c4d2f727426d9fa32010f12fa
data/national/ndvi/40145_ndvi.tif,838140,0303ebb46a012b77300cfce670b7be042d2305d76dc9df11ebf3120ad9709ad8
data/national/ndvi/41003_ndvi.tif,952730,87e2ab29c05cccdab766e947a978c40266f97e442b88466700ba959a0a324494
data/national/ndvi/41005_ndvi.tif,2613858,f9fb95c8e6105582cd9800878973e9211d3e29a5fa620ef9800508c08ebaf8ad
data/national/ndvi/41009_ndvi.tif,958141,c0c2483d4687cda40bd502b71e8ce26e6e0763c49f5f71a933d3bbc50a526ced
data/national/ndvi/41017_ndvi.tif,4374594,831dac41cf3d83a483fd192f7e064c0f7d90bc22458fc58a98b0cb0fc974edf1
data/national/ndvi/41029_ndvi.tif,3935263,008d44e7694fb7fa027916c5cac8ba71d05b39f8a77768c5b77eb1b86405493a
data/national/ndvi/41033_ndvi.tif,2318230,1251026070b0f0bf180092e8ff27b4803aa0cc0ad69c37652646fffe974c34e9
data/national/ndvi/41039_ndvi.tif,6376618,079c7c91d89a2bf92011130eb39c02b68013589924c10266003c0f04655bd52b
data/national/ndvi/41043_ndvi.tif,3197394,a16feeeb385f33d7705983fa6966cbe970378f0153be4751e1555b342b84beaa
data/national/ndvi/41047_ndvi.tif,1739965,8fad6d58135df43e1fb8480a19f4b9dbf8149fa675e19dbb2d3c652b25bbc138
data/national/ndvi/41051_ndvi.tif,693685,23d9b4efff129e9756325d5598ccb70ce5faeecc61ebf974446f7f825ab86311
data/national/ndvi/41053_ndvi.tif,1044872,24c3570e2f6c316a2a78439702c3ad98e2cc98cebbce115c01cc0963fd093d09
data/national/ndvi/41067_ndvi.tif,1032516,ef3fdc1d720af0ca338e3323484aea5bede927679fc66122a23d073d39a514cc
data/national/ndvi/41071_ndvi.tif,1014910,bf5d013afb800ef5ae6aaf84d0f043d99132e4e89f97c15c0b684f87cac2a0d9
data/national/ndvi/42001_ndvi.tif,729257,64aa3bc4b61563035753490a7cf40c542de4f5e632bd42dc483172a277748389
data/national/ndvi/42003_ndvi.tif,1063827,633fd68ad6561a161f971c6eecdf28d70e153a2d730b93b8eaccd42a94f7a235
data/national/ndvi/42005_ndvi.tif,927953,303f054360f1ba025f200598b18ae12c7b5bd110028a193302e78fa85bab28cf
data/national/ndvi/42007_ndvi.tif,626151,47f847d30f18c5a29c5f30e277c180fbc90bcd2fea703d1c17e3186de5cc53d8
data/national/ndvi/42011_ndvi.tif,1211177,239463609fc5080f56f6b9c402bf3e04b87a213764c8860a05123ecf5535c650
data/national/ndvi/42013_ndvi.tif,733764,0a3071ec1408585dd3699deb3a7e70e628a16b1a0378819b8311e62b873e04d3
data/national/ndvi/42017_ndvi.tif,897581,2fa3408f06aacae0e1a5ac03b04a67f536e58b5602e20a2dd210ff2a4cd95173
data/national/ndvi/42019_ndvi.tif,1104161,56eab2fed42f6f2c069098afacc1edf3b20ca65160627f7d05d1734ed64d9685
data/national/ndvi/42021_ndvi.tif,964557,8d63821aac0374d4c52afd5acd575b87b965190c523d36adf24c7931830e26b5
data/national/ndvi/42025_ndvi.tif,540895,a95217a0e66f2f6afc4467bba9c96fb0e8087bdef8179af4e9e0ac379a7b0f86
data/national/ndvi/42027_ndvi.tif,1514175,29f6aefa9239c9c49ea0eaf72f24757654998da4aab0651bfa574fe819583e4b
data/national/ndvi/42029_ndvi.tif,1078323,da8ba603ae4f6a00ad104e0afe44845411d191cacbce63fcb395e797480b7c52
data/national/ndvi/42037_ndvi.tif,692112,5350aba7e329ff8343c76114314da05a34f844154bd249672d74ab66f1682bbe
data/national/ndvi/42041_ndvi.tif,785342,3d0211ea2abe381d1de535b7d68002eb2616b7a93e781704864e29b3eda90bd1
data/national/ndvi/42043_ndvi.tif,797379,45f6db5d33256b9de143322117e148b6e2f80af007fe91df90e260414f9ffb7a
data/national/ndvi/42045_ndvi.tif,287674,34eb77c6e08810ca18cc82c14e46a7f9dffc382b452802af1f7be638d11e3e31
data/national/ndvi/42049_ndvi.tif,1129511,53aa37c103a031a1b1b4c84de053c4fb78e9cc0b29fb564efcb78b1cfe0ae0ac
data/national/ndvi/42051_ndvi.tif,1104326,ba6c650abee43ddbe87c4a1103fe4cde9c24867685b432341b95908c6c35593c
data/national/ndvi/42055_ndvi.tif,1090167,3761f139804e6a6f5416b75217e7a6a6587722c9139cf62cbe7ab9f9ca9a62e6
data/national/ndvi/42069_ndvi.tif,655074,a547851ebd8e082db7343c9b2ab6955c0543c14898712c2933d5a313de1483e4
data/national/ndvi/42071_ndvi.tif,1390556,385dcf3766082cb12295553a48f7e7f10460cfa95be6ff4f63fcec08ff262017
data/national/ndvi/42075_ndvi.tif,517127,ab79b09f87c9ceaea5679e08a28b5ec7823405edda7b354e0ed00aa658137f1d
data/national/ndvi/42077_ndvi.tif,501994,728bccdc79a8b1b142a5155a3cf57faf8f7b3534809c45f58ed8eb3c605a4565
data/national/ndvi/42079_ndvi.tif,1242131,9a47a446155b89385b0de22bb1e033e9b4c6268db152287ce3b81ef1b492bf8f
data/national/ndvi/42081_ndvi.tif,1668767,d5e238f7fef25218ee4927fa68d81ec96d37c72453f7f1e461627550ba3e86cf
data/national/ndvi/42085_ndvi.tif,940001,c005db0713d78bc339dabc57c600f1ecaac42b940619e2d0a6a6b7a2d9632a3f
data/national/ndvi/42089_ndvi.tif,854353,11939563439d28f10a574396f23dfd220b23915d4dcc9b4809d6d836da9d373d
data/national/ndvi/42091_ndvi.tif,707827,3f53a13fde4624d931a5ab1a28bfc58f33a9475216a579a4798aa18588976ef5
data/national/ndvi/42093_ndvi.tif,193098,938f845cdb782a9d5413b36e1f58988b5ca6aae58f9c51b0950c99b2aa09fca5
data/national/ndvi/42095_ndvi.tif,547986,774c87728f19ebf96025fa5c7dfd131618feb3e362e75c3fe2e098be2d330864
data/national/ndvi/42099_ndvi.tif,776239,bb43856c965e96b4bb23ad8ca8d53649616f5c7eee8391aa87869e8b4eb66c16
data/national/ndvi/42101_ndvi.tif,225817,57df6fa3bda6e52d98447800010bd9099ec0c2ffbbb57656bd713c9eb5635cfa
data/national/ndvi/42103_ndvi.tif,784112,d5d7e23e656aa06bd11464f8775eeab5bf8109c59dcd2292518416efa62df673
data/national/ndvi/42125_ndvi.tif,1204721,e8dcc0e49a18a0ee65e79a885c5f5ad183b2784b4af2497c71163cbd757fa3c0
data/national/ndvi/42129_ndvi.tif,1445198,b134f00ce308c8a0d2f048bc2bdbceb92c5c35e2536f230f05540a680136f8d7
data/national/ndvi/42131_ndvi.tif,554472,8659f7d3756f6af22f7156915954d4e50a1f6a120d8b0c94a3727926d8d8d111
data/national/ndvi/42133_ndvi.tif,1284369,b645c52ed748560c58e02bb2d9afc801b03c7804dfc28c0dc065eeafe731ac8f
data/national/ndvi/44001_ndvi.tif,46907,7634811cc9b44d86873f5e804533dbd25bf5c477319c3322a88a4400e46a3099
data/national/ndvi/44003_ndvi.tif,255451,bfec200431db4a6887cae6f0ce727ccba3b939d5814d6dbfbd375e0916a3030e
data/national/ndvi/44005_ndvi.tif,173601,ad9a09a800331198c683b885a6dfb191ee97c1be440e49575e90688d1146372d
data/national/ndvi/44007_ndvi.tif,610950,99bd56ade5cc971005be9b1ee9d1d1ae3487de72f3f8215cb98898b0f219fc5f
data/national/ndvi/44009_ndvi.tif,507207,2563ab37c920136d40bceedd2537e32c0acc00edbe26c8d0f3baa3d460dd7e18
data/national/ndvi/45003_ndvi.tif,1529213,400f16e9c1c37a021e66e98e9f402d9d6d39cb3cdac6990474f66086583f5de4
data/national/ndvi/45007_ndvi.tif,1088579,7a101b89e331c87231d4257cc9f739851060f4b153d1744daf1b93036be1fe04
data/national/ndvi/45013_ndvi.tif,1072450,c2b3f6d4dcf4a97563a2e664caef88f2cb10cb3feaca181423d8b381d853abc4
data/national/ndvi/45015_ndvi.tif,1752589,26802d9992052af045aa4a9d56c482122a3d7bc54e88f6db5ece3517293f0617
data/national/ndvi/45017_ndvi.tif,562910,2b0ba1cb0a08bae74c5b787993b16abd37dc9ad01ad6bdef7a3efb66495636e7
data/national/ndvi/45019_ndvi.tif,1541189,39bdb02ae4f2863227c4410b0c42def3d5a8874d658ea7bbb606513b5b5b2040
data/national/ndvi/45023_ndvi.tif,814705,8580e178074dd00e4446a5fedb14c341d7cd12b61f98db0abec481b023ee15ae
data/national/ndvi/45027_ndvi.tif,999343,1ee238378b9f98b5eaf6f98db1015c170f48e2096c8e5db7bea13a384de9ded0
data/national/ndvi/45031_ndvi.tif,810956,e028bdf8bb1508b3e7b322c46f137fcd6e9939181b386d01de00093d30ebf5e0
data/national/ndvi/45035_ndvi.tif,815505,8cf3582c19d13dbdeb2936dadfb57572ec0fdf126fd578af65755bf4553db771
data/national/ndvi/45037_ndvi.tif,716451,1da61a2ef79dee928e42e15349eee6c34590f1a9fe9f6d189cf6998d4e3d1a8a
data/national/ndvi/45039_ndvi.tif,988305,51838d1e3591cadd1b73d867afdbb4f912d3ecc2fdeaa582b099992c70ae44a0
data/national/ndvi/45041_ndvi.tif,1136468,96bcd66dcda89ee8f14186b8c77bb5d19b92c36276aedc97d094621f4e7f46c1
data/national/ndvi/45045_ndvi.tif,1135091,9cf1307626cd28ee08627541ea339b5d8a1802f163f3a926b1760924a5dfbb17
data/national/ndvi/45051_ndvi.tif,1619474,fbe1977efec7a8df38d04fcd72f45662644ca50ec45a9baef3d8c47ccfe561fb
data/national/ndvi/45053_ndvi.tif,965533,0675d880d17d7447fdcc20e87a45da4d94a95118090eaae1da49d3864e59b46c
data/national/ndvi/45055_ndvi.tif,1053883,0f4db4977b1119d6d980da18511b5fc1fb7cd6e87468bc1f34e0c69bd74b5461
data/national/ndvi/45057_ndvi.tif,799036,02351c9f5b41632e72dabade4e4524163b1fd6df5580a1db73e4e0a3b76690eb
data/national/ndvi/45059_ndvi.tif,1016279,39f8c46d2e87fe8e3eb75132e65a041b92be2a2ea797ad795f0268ec2dc739a0
data/national/ndvi/45063_ndvi.tif,1088682,96a89113e7f05caa586f10d82adc94a90c68a7ed9740a5c829254f1a7ff3805c
data/national/ndvi/45077_ndvi.tif,724080,e811b663c094ac53c54817d751778d93557778772456108a0afab3866db0fcb7
data/national/ndvi/45079_ndvi.tif,1097596,6fb0364384e3a8f0f8a4129d368bbed4da04a5591ed4b5de07f35135919c42ec
data/national/ndvi/45081_ndvi.tif,652694,c202651b4b3fb23c718a6afd818ade914cd8730e897a4c82153d9bf040463fe8
data/national/ndvi/45083_ndvi.tif,1158169,236d61cdb2404118e161169e6adc11dd52704d19b00cbae8ae19d0bfa1335dc1
data/national/ndvi/45085_ndvi.tif,970044,fcdce350a8d5fbe1126d2f0d624d8125a203f67e7c2647c390ff64389c260876
data/national/ndvi/45091_ndvi.tif,976734,d2a2d7e86dfacd140aa361aba348e89306434e676420d1dbdd03550a3e01d7bc
data/national/ndvi/46083_ndvi.tif,799969,9637f48caf8636dc3d3da3afd36c9e9d70e9c515ffd0962e96d08ca25e84e955
data/national/ndvi/46087_ndvi.tif,793078,2b218c20e48115e1ba062a726f716ba8e80c69c8eb2a3d2308d294ea604b9cf5
data/national/ndvi/46093_ndvi.tif,4883437,16343760db07789c414e68e66c6fb1749ff32fc903dedc7b3f0c84d2216f7f4c
data/national/ndvi/46099_ndvi.tif,1113045,71097d50f65c87eaca933a5c57a5aeb1c24eabe80d1af96b13075376ad85d7cb
data/national/ndvi/46103_ndvi.tif,3933837,d90bae1ab860a3aff516157c9798ea7376d6d8bddc0aac835729b95f84499de9
data/national/ndvi/46125_ndvi.tif,850384,04906e5a85c239af86ff8423902dd8bafa590edce88203453ace0f15b8bb00f5
data/national/ndvi/46127_ndvi.tif,659979,0cdc851b3fdb7a200b11b6097436ddb9f6abb046f19d7fcbe8ac1722ac24e410
data/national/ndvi/47001_ndvi.tif,488885,f06d1d5c729100212d71f7be6053437ca6b6747126b8b90b15548e9d29d57369
data/national/ndvi/47009_ndvi.tif,789010,535e5a0b600bb4538ae69086530223674f1be0124ef83589816705563b8708b2
data/national/ndvi/47011_ndvi.tif,471596,9761f0e4e803be4f63bb4cec97544197087afc853060b80a6d4ad187c7145852
data/national/ndvi/47013_ndvi.tif,684071,bce59a8b9f35cb885939e547f31bb59afbec5ba502d6f8dd4c87405055d5cd07
data/national/ndvi/47015_ndvi.tif,371485,c12dccce495cd4b71510c7977dc2e30badd90d0175096f0c15fd650d1fa84fdf
data/national/ndvi/47019_ndvi.tif,485296,db35951e7b06ef7ce02128951e9d50b9202740e9633adcfe925c656d6bc585bb
data/national/ndvi/47021_ndvi.tif,435141,dfdad4c648a8372fe71bf6b16302f457794de88a3a98c4c090a1637f84693b1b
data/national/ndvi/47023_ndvi.tif,404421,c18a29221080e194adb3723f1d597a90b1637b252424a4d91d4539cef5118734
data/national/ndvi/47033_ndvi.tif,379399,4957f5f132048d7f4f54d60a42947f097c0af1723b0a081242389753f1fd8f7c
data/national/ndvi/47037_ndvi.tif,764894,3a620a890bb45196b4c069a2fc2b7e43dacb99a9af677719b4e03a0a521bafc6
data/national/ndvi/47043_ndvi.tif,679664,b0889a52eb62b4e3b8fbfa170b037ff07cefc180f052fbb1a40d69ffeca6a497
data/national/ndvi/47047_ndvi.tif,962821,d67445d65eaba1cd87f646fdfb9201f1f3a3cec50c33bcc0c1774c90ddf1322a
data/national/ndvi/47053_ndvi.tif,835951,b41204c82d20432970317ed30d8022668ed4e5723d1bcb7d8e4d8568373175ce
data/national/ndvi/47057_ndvi.tif,436404,5ce921c879ef02efc2156f1a8dfb85a61a7cc2917a7838b88beb576af2c0af92
data/national/ndvi/47063_ndvi.tif,263758,7947d6dcfbfa6c18c7bbb30825dc0d9d021f73e0826db23a7eea4718ab8481c3
data/national/ndvi/47065_ndvi.tif,832298,262983e328e6b78b377b5e9de03a3e72ef7887d835b430c9133ad6f6fd5dabaf
data/national/ndvi/47073_ndvi.tif,701575,b28878e563d298343d40a7eab2617cb4399f9540f459fc2f791d7de409ccf72d
data/national/ndvi/47089_ndvi.tif,457459,bf96f909ef1e92ace8c89b93ba802aa558fbb39c5cbcb0d5aae58d1becab77e9
data/national/ndvi/47093_ndvi.tif,754771,0843e168a3ee0c77fc411ffb1440ff9cea81e9c09d3c58d2c3973a325789c8b3
data/national/ndvi/47105_ndvi.tif,367806,41b75ec64e7c0aa214a9b7b6652ca342f2f92da5a27c42a6161c54115ac80f07
data/national/ndvi/47111_ndvi.tif,421534,eda760c976613372107778366a1a73324bf2b14b0de8ed1c720b82122544f833
data/national/ndvi/47113_ndvi.tif,772049,fdf203eb50e1a8c4bde4c072184e1331936ab9b85223774636e9f138c974c42e
data/national/ndvi/47115_ndvi.tif,704618,73a726a67bc4418b48daab00ebde318c31f6db6be10a8b001dda3546080ce48a
data/national/ndvi/47119_ndvi.tif,862745,de2528aef5dc20126171e11f5860b3189466ca007a1143491e63ebd725518c27
data/national/ndvi/47125_ndvi.tif,757194,19ff6b2f3e1b2e2c4ce6fee88be17f379edb186ffc35ae77448252353162d05c
data/national/ndvi/47129_ndvi.tif,710280,f825d16d8b93847b895a31fe67c8f7aa0756a4f5f41311e7831f87edb63fa01c
data/national/ndvi/47139_ndvi.tif,604780,2b2dccac4934550196f6ad50de0b8c5cfc417048890d2fd5ec7140d90d78f594
data/national/ndvi/47145_ndvi.tif,568848,b1576603c9df405d9ee32543806b74d014b7957db89246da4852d445a185098e
data/national/ndvi/47147_ndvi.tif,665318,faf0f274170ede042f2aed0e1b7d7075afadad9d71585fd0a27d09e67ecd50b3
data/national/ndvi/47149_ndvi.tif,890910,4c7801c1b1692d38b3fe1516dc3d370bea138bf12176879808cc081774317ab0
data/national/ndvi/47153_ndvi.tif,382708,f672674117e2b731d1f322aaf3534ca7c53292c3a1b9c71480c5399035775967
data/national/ndvi/47157_ndvi.tif,1119870,f574a05013de5713d3cc3c845f5339a74934514208d498986184f27bec0cbc49
data/national/ndvi/47159_ndvi.tif,462040,25b8caf1dcd9b9494a05288459eda55d328c9426db3c3ce1bd7a2d8cbc771275
data/national/ndvi/47161_ndvi.tif,681798,066d4f717fb504cdf1233858599ed05685e4b637f2d37596b05aea8c773bf898
data/national/ndvi/47163_ndvi.tif,612760,9e82ddcc56f47cfc15f4271cf19028496c87f18689a24fd404b4508f1bdc6ec1
data/national/ndvi/47165_ndvi.tif,770435,96e778f644ff170543a8df2be34ca29bdc92ad4b0a48283d809c9cc2aa8f291e
data/national/ndvi/47167_ndvi.tif,662571,f2ab4d51b057fab3186de1dfa4661cc47081bce1d29677881c93c2d40976ca32
data/national/ndvi/47169_ndvi.tif,168537,8501531e57c98863a116ad0723ed5487d5df50f9bad6227a35c9ae78c8786e5e
data/national/ndvi/47171_ndvi.tif,263167,6f1b8c3308ce47b5d205b6ce5c6a22ab32ad85ff07148eb7597d222115573ae2
data/national/ndvi/47173_ndvi.tif,350851,b5d88689a70f2add281087877eae131d88dcb6661c7d2414fe014a20fd2cec3f
data/national/ndvi/47179_ndvi.tif,475095,f95ee759401fd514854e66b42611a458b3c5a67ad64015f50282f11ec8ad7b91
data/national/ndvi/47187_ndvi.tif,814331,3a151e2bc70f9f41f226bea986a080e4fb59d91f2992f9aa0082625a1954a4fa
data/national/ndvi/47189_ndvi.tif,824297,635b0c3e9f3f68d4c812710feeed7b6005badfb45563e50a5732dda10b3ba306
data/national/ndvi/48009_ndvi.tif,1307791,73bee2c7064ab1a6d25878083e2daeb609df6850edde8ec2015b7b580bfbce06
data/national/ndvi/48011_ndvi.tif,1294787,564feb03fdb4428d7bb2c620dabfda8913275e243b6d7895e36f164154f9b633
data/national/ndvi/48013_ndvi.tif,1733353,eed91d6a8d4a416c1eae3b9b4549578cd047aea34a74959e7ae12dd804fbe5f8
data/national/ndvi/48015_ndvi.tif,928996,edc9c614ebb5cf50728722297773f662060efa8bb77d3fcbe3bb2c8e74ce38c2
data/national/ndvi/48019_ndvi.tif,1124099,36dc02b28a7e21deb770f362ff27624b4b27ca6c394be32581eba67270c8bc5d
data/national/ndvi/48021_ndvi.tif,1266780,f20b2872190aa72bc50facb1bd46d1388d007c97a3e08d06ede71ac432372cbd
data/national/ndvi/48027_ndvi.tif,1562328,17e003cc90bb8d8f8f6e24a14f2438bd35064d77121a61ec22e4d74976ecc60e
data/national/ndvi/48029_ndvi.tif,1807432,2ec3435021f00d84de4bb07ba5c5332dc784609d4c3d56193aa34823b5cd002d
data/national/ndvi/48037_ndvi.tif,1287143,7faa36ae0dba6b9cf8c27e523de9f422c9f000862ee0e0b6862bd86ba3a888ac
data/national/ndvi/48039_ndvi.tif,2069297,dff4895eaff7f4d9a6262e8cef6b3a6124e00759c19b1d0faaf81d43e4b9c5a3
data/national/ndvi/48041_ndvi.tif,862249,b4b5d3394e21ae943d2fdd599477fdc744d2abd121fcc303e09ee2b9f2ea1b61
data/national/ndvi/48051_ndvi.tif,962846,94af79401b1fa1884e7255af1ed220a9ead57bdb617692334c74dcfb4f8f3800
data/national/ndvi/48055_ndvi.tif,787458,2d4385679fe3523af757f6b3d5ff007ad83f6658b8ba50708c1f94d01c1eae60
data/national/ndvi/48059_ndvi.tif,1264040,24fbfac31a7967ea2e06664d59ac65cde394772a23248c814f45cc215f1df431
data/national/ndvi/48061_ndvi.tif,1474278,c77d0dacdbdfe48672b010fc319a369a0e9c057284ed918e848870e7d44fc742
data/national/ndvi/48065_ndvi.tif,1308127,28f8e1cb0a6169aba6631a8f18a14a28b81430deb0eafcb41e6f3498adc4094e
data/national/ndvi/48071_ndvi.tif,909580,ac5b5230cb7d5832b92874d361f238f2436c9c28a448c44853a171b50b18fff6
data/national/ndvi/48077_ndvi.tif,1582446,61aae34e8df2c888659bc95812d8ab5b1ea6a673b1805dcd7bb497145235145f
data/national/ndvi/48085_ndvi.tif,1273926,1c9de5e699a6ff2f6174d78fc58704ab794ba6e843913a48a57a5fb670786644
data/national/ndvi/48091_ndvi.tif,834558,79ff908bc1478fd3a12f3e670a844804f2533cb97436d2ba8b44acb358aa2cd7
data/national/ndvi/48099_ndvi.tif,1512793,254a5c69d0c6a24a29fa3757cab35b5ba565ca5c9588ae02bf0416c405ee2893
data/national/ndvi/48107_ndvi.tif,1281554,2dbbb4b2f2213d8e13c205ce869af8144bd9eea3c321dd2129372b03852e7bc7
data/national/ndvi/48113_ndvi.tif,1314837,3e87ecda396675813124b8531ab0ec5056fd8ac3bc414b4997195fe3416552bf
data/national/ndvi/48121_ndvi.tif,1379996,667a1272dd878f6c3131b1ed7e65bec92927592ead66ac8546fb9dbb95a3ecf8
data/national/ndvi/48135_ndvi.tif,1274501,9260ea1bf5242b3c4cb0c78569d14276b286d62b8083cb55e3bdb9f16377be7a
data/national/ndvi/48139_ndvi.tif,1356280,a23955945d9c2ef30c52d062660e37edf394a532ccac503a40599a32d28310c6
data/national/ndvi/48141_ndvi.tif,1467538,1415c9ac3aa655ee263ba20eb708bfcf1bbef899b6f3a6fb74902fe17dc6d284
data/national/ndvi/48145_ndvi.tif,1109090,f3ed474cd600701b91355cf3cebe0b9b9c043bd3711a67e6e01cbc0fe996e747
data/national/ndvi/48157_ndvi.tif,1259067,48c8fc77db6c9cb76ff1895fbef0233496d422d84b04d2ba023e1e81dbaf8edb
data/national/ndvi/48167_ndvi.tif,648391,baeb9e7cc264cd67050e69b003bd8201f3ca8bc52c6652de3bf29b93f8eab7fc
data/national/ndvi/48175_ndvi.tif,1190588,97a5d173326129456854fd5f05502abf6a90c6f218960c08a7ca07685f1ccce8
data/national/ndvi/48181_ndvi.tif,1396377,a3984033e97bcd551a02d87b338a4b383f91a6b1327c7f8c6b06b9e813d79758
data/national/ndvi/48183_ndvi.tif,399277,ab97d2388829b5c3d1c9102591f6fe746569758430e877f49b068caa46395890
data/national/ndvi/48187_ndvi.tif,1025639,5bf4f8a560acd0a121d73ac80372dbd708f5d3bf98d0fb2c6b38e6d676706ccb
data/national/ndvi/48199_ndvi.tif,1232226,14f272129b4d1de39d5ad16a82c3e5fc0933c97ad8eb1d18b02e9c7617b5aa91
data/national/ndvi/48201_ndvi.tif,2572111,2e17298f6ba109e03fd44e4092061899817ad21ea48ab72a84b0eeca1baac692
data/national/ndvi/48203_ndvi.tif,1267186,0d47dd24a7b80c6078dc0e6055e95269b7b66e2d2ec309a6a6fcf5324d1bb2e8
data/national/ndvi/48209_ndvi.tif,979218,0935d026be0ee94c91ed0485dd264d317131b484e431f226dd586760a0378243
data/national/ndvi/48215_ndvi.tif,2250188,4eba5816ea27cc581387b6454ea317abfca2fd2d6cd99a928db530afe903d84c
data/national/ndvi/48229_ndvi.tif,6398490,d72f3ece2f608f279c696d5efea2c868de83f2963059ffb4fcf03ef267adc51a
data/national/ndvi/48231_ndvi.tif,1252478,13a6d3d2e510f595f25761f54a070612783ed600a0335895ea8f5fd3910a4570
data/national/ndvi/48235_ndvi.tif,1475425,d096a3e2f0c18d5229ad6c46e0c6db1f32767f62aa07c8b33296f77962feddea
data/national/ndvi/48245_ndvi.tif,1416523,c655b999b05d1b57b2b0f1f06cb45e21b31ca381c5dafd06d2e49e2d55ca8962
data/national/ndvi/48251_ndvi.tif,1035350,8a676de80ca3edf07c36a6f29b81ca3de3a06cbd959476c04c9dc4087d755b47
data/national/ndvi/48253_ndvi.tif,1337237,c300ce4af9039f23886888ca08b3e25ec4b609c4502e2d04b37db467e60deee7
data/national/ndvi/48257_ndvi.tif,1132686,dff10c4fc2377d59d31de437c100257af838708d7fa4220fcbe77bfd71d8dbf1
data/national/ndvi/48259_ndvi.tif,937282,72f7acee073c0e4a5f5bd9bf985eb4ead1c65a7b6f8f6e9df2c1384483a4a3fb
data/national/ndvi/48281_ndvi.tif,1014463,dd93d16c7ee61b9c0d50f6614313d95a541105cc5b1c82be395dd7ad8cd80714
data/national/ndvi/48291_ndvi.tif,1623489,73b72148c75e643760f144be86bde0c81fbdeb363690be854fa3c22ed3c0f539
data/national/ndvi/48303_ndvi.tif,1290331,34803be8161a71f115802a616d8d8dfd9cf8a76e989e8a5c8f4210c9b375fb03
data/national/ndvi/48305_ndvi.tif,1274120,a75a8b4c2d535f1a4aae6ac2013fba98e0de412a833aeb14e248c2daf3d3ce44
data/national/ndvi/48309_ndvi.tif,1523627,73442820fcb9c0351282304adcc31412edd18d8fd9715c31a0f96ca0d926876a
data/national/ndvi/48317_ndvi.tif,1302502,7861e4859340f3d2afe1f14dfa9fd2bbbb12a182eb311bdaa819fa76475457d1
data/national/ndvi/48325_ndvi.tif,1877914,a0f287f0ed7f92ed656ebea80a076d5029b659d29e41eab545a30323a356de81
data/national/ndvi/48329_ndvi.tif,1284464,9f57c35f618b258b2c8657f8d110dcc8d32b10f8509b50dbb10ed718e32c44c4
data/national/ndvi/48339_ndvi.tif,1529132,7c65e69f47f89fe4a7cf7f1404eb74d4476f54be851a27e1b28163bc979f611e
data/national/ndvi/48355_ndvi.tif,1279115,b18c81ea06afcf77f2eec429447465cfcfe79960974302f13d43d548cbbb0b36
data/national/ndvi/48359_ndvi.tif,2092098,08bfb70467bcc5dc3a5236a217a31d06b335bd84accf4d15cde9426e08744d31
data/national/ndvi/48361_ndvi.tif,549598,ac014f8c1039c090d67d9624ca3114110a6eca19d0adf599cef4efce419cb4ac
data/national/ndvi/48367_ndvi.tif,1282251,7bd6381db197cdeba0d9fa3e9efbcb2bceb566abbc446d0537afb5eedcaabef7
data/national/ndvi/48375_ndvi.tif,1298827,27ff1f22f97c12d07635288c7b87c47a309168f2588f35424a651b2446ecea3e
data/national/ndvi/48381_ndvi.tif,1313312,61aaa4978294f25e764bee54535b36dc9d5bf41fd29500d5dccb944409d8eb51
data/national/ndvi/48395_ndvi.tif,1229096,ad0ffdca24a9674351e14aca9c6cb15bf8ea4c4c5e96edd342d33301be955b5b
data/national/ndvi/48397_ndvi.tif,219504,546b9a348a8000d58e4ed37928994c619ad121abc613786c00b536113f934df7
data/national/ndvi/48401_ndvi.tif,1299795,ea8359862f96799ae83559ca6664b250ccf1ab0e1c2f880723ac3672235995f2
data/national/ndvi/48409_ndvi.tif,1016597,d2d1c588d893109c5857acf9dc276734bffadbb482c0bd79d9b96245bbeb3de9
data/national/ndvi/48423_ndvi.tif,1331696,8cf8ea93cfd4a5a579d250f2bc55223c955b5a61dfad61d7dabf34155cec38d9
data/national/ndvi/48431_ndvi.tif,1300340,ddffc5a4aff957a71947b6fd43dd4c9ab0a12aa10003e0fb26477aa7a49ae99e
data/national/ndvi/48439_ndvi.tif,1309261,5b096389534a15ac842bb929e2e22c1319fec693708adab7e0a1de5abd16118e
data/national/ndvi/48441_ndvi.tif,1305934,85659eda7b8953dc1e8d50655e7c6c85a5ed97c411d97fafcdc94453fb29568c
data/national/ndvi/48451_ndvi.tif,2208104,0a0539a70c697c71583c1edf393607029d3795793af961b3b7cbe2a71c7c4080
data/national/ndvi/48453_ndvi.tif,1486366,5bec7ed78507f68b118f83b1bf5ae92c5b13a3ea0ee0b366dec763e536e05dab
data/national/ndvi/48459_ndvi.tif,817099,b7e9d34b50d6705063dc90ce1e03d34f64f4a4eb010c3d7a801b6e30ad0b6c55
data/national/ndvi/48469_ndvi.tif,1253965,2686f5542bdf343265729879790c2fb09d7d015efa869034b383e7cbe72a20ea
data/national/ndvi/48473_ndvi.tif,746594,ba068a89648419006e3f5d443149b8c8a297bb5bb7eecbff754e3e3430f6b280
data/national/ndvi/48479_ndvi.tif,4729694,24a55c46f6f22aa56b9d632c18847e33cc763b4edcc6ca986a1efb8f52b0f86f
data/national/ndvi/48485_ndvi.tif,905306,1dd8c719f61a0a6c4eb4c57fcbf418731c7fd5dbe27d5e7bb32e687e2361d4a2
data/national/ndvi/48491_ndvi.tif,1620702,cdc3d67942f1665eaf8718e5bc679348ad78b0b51ae187f4f7d2e0dc4c0c0a77
data/national/ndvi/48493_ndvi.tif,1160924,30686521f10ea48fac592cd6a1cb791d4978e0bb28685f246163f5a7facb62ba
data/national/ndvi/48497_ndvi.tif,1305091,cd93ee743fcf87ecc3a87da8c66267bc0002d32a5bd14ace3202757e9224244d
data/national/ndvi/49003_ndvi.tif,9650727,d718d4202be2dcc2d9e4bdb71e5dd8491679e771dd0584890e67a785fa7a0835
data/national/ndvi/49005_ndvi.tif,1685124,3638c11695988f972a6e8f819634d037aa80adae1bb4a65ccf775cd14ea3a5ff
data/national/ndvi/49011_ndvi.tif,953250,45e87120a58cffe38835965fa8e143e9927885652e773a27095d7d4d566fb55a
data/national/ndvi/49023_ndvi.tif,4845516,6cf5df4fa21bff8389f972422812b4b5bb2d8b86772c6fa01964c280481598a1
data/national/ndvi/49029_ndvi.tif,890897,c20176e1fc8fa9f590dfde7737481ad753eb05e2d05c2e5684e1398a7ed6c209
data/national/ndvi/49035_ndvi.tif,1193821,e6bc414950c524067d46a0e3991a3ba9a046f44f2723f9fa047b9d02a2b29f8c
data/national/ndvi/49045_ndvi.tif,10352343,e4520b332e6285be3a2260eaaf3d067482df10f718def55e8f381dfc349ab17b
data/national/ndvi/49049_ndvi.tif,3109341,bb7e8e55057cfbc8ed847d12dd15613d1bf6062616ae9f8653da6068ed23f773
data/national/ndvi/49053_ndvi.tif,3443943,cb04a5f2c434160a3b5cb146a5d465654dfc1c22fd359a00b8ab67e91280c822
data/national/ndvi/49057_ndvi.tif,971362,0c287782f76e78df9fb7c86832ec062cce58059dfec44bc297ceab88adb5b8b1
data/national/ndvi/50007_ndvi.tif,872689,9c9b3c97eefe46b139685d9710ce2a28168340b5155bf45c56c215e9d6a30f14
data/national/ndvi/50011_ndvi.tif,952847,62ef8d464832a3a9a2efb7e9b12ec94c33bafce39a22bf82cb25a0bc05d58ded
data/national/ndvi/50013_ndvi.tif,299559,1536e55b84878bb85817f92c76d668317235f33e8c5c8644729ffb356154ca99
data/national/ndvi/51003_ndvi.tif,1008785,1e989a522f5ce474284c9e46dad0dd906570a0c8b3a15fff6a9fdb8a7b15303d
data/national/ndvi/51007_ndvi.tif,497749,52a6222cc4797e0abee18b1e7f67b9308c07ad07781f0759c7114b0a9f1016a7
data/national/ndvi/51009_ndvi.tif,665754,da641a50b27888606955f375809651a5f25c8e582a0362e0f0605ba1678feacf
data/national/ndvi/51011_ndvi.tif,472446,e99633d0122c750234d618f0ed28da8ae1cea30301d1ce0074c421b5b199028e
data/national/ndvi/51013_ndvi.tif,42752,59d87f04305db33ce7e7a8a00cc6fb041c0ada98415f36a760fc8b22cd356dca
data/national/ndvi/51015_ndvi.tif,1340260,6da46f7c5bfc3843d9f4ce46c1caaae2a16329f87b64a47db190e8295a51620b
data/national/ndvi/51019_ndvi.tif,1075483,dece72aeeb3dc1444dceb0b76d950673973666dce1e864f30915083e9304ef7f
data/national/ndvi/51023_ndvi.tif,757492,762bd2c1e0d7890a2b959ad4662eb7d9c88f6b811c05c76aad20bcd3f70fadf1
data/national/ndvi/51031_ndvi.tif,712991,179125fda84922a00d8754fb4a24f2906da166b55df113af8b9e9b7d14162a26
data/national/ndvi/51036_ndvi.tif,290401,f8a367025e361c51f4b0393574498ce75cd69015d1b452c15b49f9b7e796f123
data/national/ndvi/51041_ndvi.tif,624329,03ca1ba92aceb13cf40b519328005d1cdeb4bde0dcda7eacb25dc968d0eb4f2d
data/national/ndvi/51043_ndvi.tif,254651,b2a5fbc778ab4dd05212ea38601afaae76b61e552428f659e6f48615b3e59b01
data/national/ndvi/51045_ndvi.tif,456248,914d6518df8894c0474ec44b561124db8f00292565b5eb37df2ae3aa7136c9e5
data/national/ndvi/51047_ndvi.tif,547822,01d9d99d1cb181d4cab919403325d7c916f6160800f09ac7e3bf8ba35e81af6e
data/national/ndvi/51053_ndvi.tif,698437,835b9645a1dc4d7c44e7c4cd442c01cf87b5e19c1b53b36a9aace7ed7a6585c3
data/national/ndvi/51059_ndvi.tif,586544,4aae2080c987d5ba6ddf597b26e2d66d866fe3ab760fca20b07ee581b1b588cf
data/national/ndvi/51061_ndvi.tif,914949,1c39e80c5888a32d04a85cf7d303f7812ea2c76e7a57a2f07a2948b22cca5a73
data/national/ndvi/51065_ndvi.tif,409578,0c803c98aa6167806a4594ad32183784cab6e70af3b47251bc375a885f342aa4
data/national/ndvi/51067_ndvi.tif,983851,c182d45978d09c35040ace519f310d03b6536008254b4f0d77a3c48b1c825204
data/national/ndvi/51069_ndvi.tif,598722,d644975fc032eb1af3c8e7c88e4aff0903b0acb281eb311e7c24005915950889
data/national/ndvi/51071_ndvi.tif,497241,a27ccbe6902a5a46ca76fc423fc265fa6e3ee8996b916df27e440377e8f1f2d4
data/national/ndvi/51073_ndvi.tif,367411,cde0316af34ff895e4db0dde59d13cc101a6118091ee3388ba90b6bbdb9d7e3e
data/national/ndvi/51075_ndvi.tif,409570,0e26f09c784a51bccd0d5f18be90a3f241405b2527d592557c880457249d7789
data/national/ndvi/51079_ndvi.tif,224884,fb33a0052a11980f3b7696235f94e69729df181b311d82e4efa5f6b167f803dd
data/national/ndvi/51085_ndvi.tif,665777,1e6042824fca0ecf6c32c39fd9153c610777dd5e258f1cd6b168adff2065d899
data/national/ndvi/51087_ndvi.tif,359660,834ab413ce283fdcbcee298ceb6fa47077f99cc62ee1efb41a634d029b3435c0
data/national/ndvi/51093_ndvi.tif,466223,48412621e33239a891b03bb70471c891264f0ed2f25f8dd689b03689f031e004
data/national/ndvi/51095_ndvi.tif,235179,7f9536f4b183ada76bf97d134105b382b8a54c8854115349f92efd2ac8f94594
data/national/ndvi/51097_ndvi.tif,478321,6bca1f0bd5aeeea20f2daba284cab6715c41e4b74743c882bbb57fe9f8be1501
data/national/ndvi/51101_ndvi.tif,414347,ccd1169d69c456a9eabf09dc22f6dcdac2dec11b08479aab01f11aae4790d39d
data/national/ndvi/51107_ndvi.tif,748254,4184ad7ca0992c93745e92c1512fce1b9ff8de485e58b4ec98dff6643338d9f8
data/national/ndvi/51113_ndvi.tif,449006,ca652b2e6dbf44a348a47ef87bb0f4734843853e048a5e896e376e9c9d756b6e
data/national/ndvi/51115_ndvi.tif,148400,2ca8f723a1a990e9e56d57247af27dde8f5309071dd439805d81e77892935956
data/national/ndvi/51121_ndvi.tif,548957,091c2e6aa8037ccff3f3ce6a5781c284743bf86f1ae0603c7ad5863c6d70bb95
data/national/ndvi/51125_ndvi.tif,662051,6bf6bc906d7283c4642798754cacc1798aa348c7d9b8bf28a3e068b82231549e
data/national/ndvi/51127_ndvi.tif,322818,3b59853c69bc32a8e7adb0288171b1493f00cb6470d1edf80e898eddd19dbed7
data/national/ndvi/51145_ndvi.tif,367453,0c15fcc066a725f5ed5491cfe6fede3f040db84c5d10668d31cd8923c2d9cc02
data/national/ndvi/51149_ndvi.tif,405852,800d44e8bf0766835f5e327bd94a392fa2a831e2ee79dc3b3d07362e308b1323
data/national/ndvi/51153_ndvi.tif,494755,aa915a5918189c96961e5802c83654ce486aa1bd62990e0fb0e4312769a09025
data/national/ndvi/51155_ndvi.tif,467577,6c01c95762d3fbf5ca9d7347cef79b9318131b5a91adc48291cf2c52c62ac3e0
data/national/ndvi/51157_ndvi.tif,370556,56d5f4d82bbb3afff6a0a1648d7898a928ca1e7dcfa85c7769b563d34e289127
data/national/ndvi/51161_ndvi.tif,362772,24fce3c739575e89b51c1982b9b846d437a25dd6313f415f9e8e0a91e5431a4a
data/national/ndvi/51165_ndvi.tif,1187013,4ea47b98316c4903c5c728ce8b25a8c16197ab92bd18d9d7c42a68fa896c08d9
data/national/ndvi/51169_ndvi.tif,732798,35533bc5e0ac9d28b899e61246cbe3ed818865d91a44f04706d5de442e79e45c
data/national/ndvi/51175_ndvi.tif,839517,ad9dee539badbb05cbe05d1136fd0c05542f452a52d9f2f5b4329017c1927bd0
data/national/ndvi/51177_ndvi.tif,586525,6b1635c88446e5b135d3d69a532962aecc55b2b5fd7bda73981150c86dbea805
data/national/ndvi/51179_ndvi.tif,396748,8c52a419ae24060a083640a10a4965693ac7adde5daa58569bd4a2e441d51550
data/national/ndvi/51183_ndvi.tif,692648,660088a6efce6f3b888cd6a7904bd47230634a7fdaded266501a0e54812a2423
data/national/ndvi/51187_ndvi.tif,310471,6917a514884fbbc8e2508457cf378e6bd358f4d54d85a730b74d234748578e38
data/national/ndvi/51191_ndvi.tif,780645,161a4ba0dc973b1814a11d771d31dd3b60c5289ea8fb060ffe756fed639734fc
data/national/ndvi/51199_ndvi.tif,194816,94ddcf8242fa26731e3d9bb654148a7b818ffe0c13067cab5c3775768de4c6b9
data/national/ndvi/51510_ndvi.tif,26052,31bef7848140073b40e4789d95ffca27e8b5c672ad48c1f56de0e3758fb681ca
data/national/ndvi/51520_ndvi.tif,23871,74e3ab97f4310de61a99ac29d0fa019cd78ed38acc4eecc07eb854a478a56083
data/national/ndvi/51540_ndvi.tif,18421,e56be352c97cd57f9b58f29ee3c6570dc149474cf7373db0782c58f0fefbb43f
data/national/ndvi/51550_ndvi.tif,493180,f5ff5e91325464149da0b46e5b725fbbef5059cfbbda15a6f7431397f8187d22
data/national/ndvi/51570_ndvi.tif,15027,4ec2f2daf7d4897ac65d1d51812bbb08b67a29559d8521d1d98df4f6a4b9c2d7
data/national/ndvi/51600_ndvi.tif,11949,4508897c33c4ab425e06e2ec619bef9ff6a90d82997caa64c1b011e4b9b89fef
data/national/ndvi/51610_ndvi.tif,5295,dadcf225ba2e0830547e4fc69c2971300c6a0e74ec63a9c855c0bdd1d071c1e2
data/national/ndvi/51620_ndvi.tif,15344,a0f04c028910cede4d6801d25e42b51bb3204027b8f2ab453ae3a804b48153a9
data/national/ndvi/51630_ndvi.tif,18563,a20b46c88f1f555c356eda0903281bb405a4dc1de06f4845c9482043196489b8
data/national/ndvi/51650_ndvi.tif,91961,bdf91862e94b2b2234b0c9dd9e234775f97b2393d86083645ba3d5d8f53adc1a
data/national/ndvi/51660_ndvi.tif,29815,72286861f7fcfdf554b8ee25581571856a04fe280c163a7cc634e32ec4c3a669
data/national/ndvi/51670_ndvi.tif,19348,c52aa7080ee40e8d77c8eb98a4971c583a0da02f55e4ee447111a848db890620
data/national/ndvi/51680_ndvi.tif,76708,6257b2536077a095044d158a97b1557b5d6e1ed479d44b3acd377d9c317b031f
data/national/ndvi/51683_ndvi.tif,18196,3898b62a0946e11c6fc0655c55ca746cb05adc4857ceb8f987e3714eff1edebc
data/national/ndvi/51685_ndvi.tif,7197,6ffc30cd45e53cec6274faf4c1e97894bee9f6e7003b6b54ef70be9ed3c51d92
data/national/ndvi/51700_ndvi.tif,114609,49004dda679a125b80dc9fb14e3630d6966bee33aad2f720c88d2b7a6a2aece5
data/national/ndvi/51710_ndvi.tif,95211,6db2524f82be44b8be66a0b5d91ed4b089719bd73e0f5d38abff8883ac9e0006
data/national/ndvi/51730_ndvi.tif,37032,344554554c3d72776824bb9fd9200f613c22aa6b3585e2002a379e52303ee2d9
data/national/ndvi/51735_ndvi.tif,33634,037f7d2d2d72de24ce7dceccbc5dfcc476ce415d085fbbb1334657b82a0fa0b5
data/national/ndvi/51740_ndvi.tif,59232,53085315b4536ab346ec721f580a178e6724552efb120e1281e4095035a9204a
data/national/ndvi/51750_ndvi.tif,18116,a954501ab925d5347f739bb62c6d76a02cdb65ed0bb303d9f8ff8ec41d793751
data/national/ndvi/51760_ndvi.tif,97708,5db94502287e6b6faeab19de40c1f7fa8c40447adfa571c7905d323b9df6c0e5
data/national/ndvi/51770_ndvi.tif,67347,84f30fe7f697d59b63ba6364b24a725759ee632641b19929e97d593fdefbda0e
data/national/ndvi/51775_ndvi.tif,25117,0aa3aef3d41c752195ef74b05b441ad2633a4c88b13b85593255d4330bc39bbc
data/national/ndvi/51790_ndvi.tif,32023,a77dab20ce446a97e79ee523518cfcabb57eb0d9cd94e66aba299fa28312b3b3
data/national/ndvi/51800_ndvi.tif,593969,72ce919f785fa2a07d60f2262f95097086adbe4dec82dfd48291f18fc9390396
data/national/ndvi/51810_ndvi.tif,465276,7028e4225be68dc20d960bc4a59d3be79e9248413aea95d2a096a1f85edbc4ad
data/national/ndvi/51820_ndvi.tif,25346,437f866911ba8d569c650768dc6cab73dea6bed7f3d85bbdc11da8d5e6b9fa3e
data/national/ndvi/51830_ndvi.tif,16560,dc3c36a16fd82c9d7d7ab87d78fabccd338000887cd007f31bebcc43adaa62db
data/national/ndvi/51840_ndvi.tif,16907,abd88939df4c7e6efb5b3d7b0f8eb2f69851d5ea524ae3ae3a37e5f04e217243
data/national/ndvi/53003_ndvi.tif,935734,dc0e978af9ac1ab1fcf518fab5169d89a11de9322aaa93c33c50fbece5f77763
data/national/ndvi/53005_ndvi.tif,2533935,672b780ed72adafd9bf510f837d26bc26ad93bf8671a3435e70e37045918bea5
data/national/ndvi/53007_ndvi.tif,4308539,85008816f7102ff7adffbcc57671ca5c27f66c92c6bbec97d7ee87a3681f60fc
data/national/ndvi/53011_ndvi.tif,934367,777d03963c1661419586b5c31b60dfa5913f0f4b3870bbbdc5d456a3e78eac54
data/national/ndvi/53015_ndvi.tif,1604052,30788b8292615412b1ede9f636c877f6772ef9b6afc44b74037aebac8e63d862
data/national/ndvi/53017_ndvi.tif,2661728,2ec26e67a9344efa314ab0fdb2c76830fe67e185687eca33d8b4e21e7d901251
data/national/ndvi/53021_ndvi.tif,1827769,70a6208c4f6ee1b1a89db5937c8c4b3cf3945a403f41c5fde301d8e0d2bad881
data/national/ndvi/53033_ndvi.tif,3066809,2528d24a8a648248b9793a63f8cb208134451b6f9903165b24963d63706fe1d7
data/national/ndvi/53035_ndvi.tif,607775,5bda62abded781dcf686ee29f42a77173dede7d4fdb9c546d3e3b15a1ec59069
data/national/ndvi/53053_ndvi.tif,2417856,ad97785f7a4443c51446c48059a008c2c0c72f8d70ebcad8917b5f458bbfd7ec
data/national/ndvi/53057_ndvi.tif,2432139,2d538bc212a61af863c31b07941f4880ac21f7a6797b23f8bd49b7bac8a1b75d
data/national/ndvi/53059_ndvi.tif,2309007,3e0932ff28a4673ffbaa4f4d31d79aab2b619cbf95d5f8fd11d091a559d2233f
data/national/ndvi/53061_ndvi.tif,2937742,6b0bd8b88c9de7fddc95e9af9b2e90c3d090677e8558d46b9ee5088cd4925719
data/national/ndvi/53063_ndvi.tif,2553208,470db374d0baef8435a0a45c1d53d18efca3528f448e0bc6af3978a9aaeaad03
data/national/ndvi/53065_ndvi.tif,3600178,1d2d6924d7826043d0f369ef9c1497b315501c98af312a221b391c1bbe18f823
data/national/ndvi/53067_ndvi.tif,1079292,bffe6fc4356927dc1a5a87104f3f35af9a4fca26555b0289aa721d2606c0c551
data/national/ndvi/53071_ndvi.tif,1879321,6c1088491040c5562bdd88a902e6469fb90dd110ff08d943f0012aa01bf128f1
data/national/ndvi/53073_ndvi.tif,3013520,276d178726567278525c34b7f3680b606a25a62d7a7fbc4500191b23e06d922c
data/national/ndvi/53077_ndvi.tif,6125830,c5ca393e22f4eb8b76266554174767c38af36d6466bc18af88f5714fb129d518
data/national/ndvi/54003_ndvi.tif,458496,1b4a97e698aaf896009fb1608be1cf8aba2ea7f8d113fcd3707c5b2079b8c9c5
data/national/ndvi/54005_ndvi.tif,686475,5222c881c87d6219b34a3ee20a5c8619ad140d9c1fc1d2bdfdbfcd74533970a8
data/national/ndvi/54009_ndvi.tif,137525,8b026da123be2f643a71fba7cf7260c2bc20cddc09af21e22c50291603d405d1
data/national/ndvi/54011_ndvi.tif,409613,09afe93f5c57eb7e4897cbc2ffbab5bb5f5972586d0f58b23139156d08050bd7
data/national/ndvi/54015_ndvi.tif,466674,d23b078bbb60d8d25dd7cfc66a3c359cc1ca29e4aa17b00611058cd3439e236f
data/national/ndvi/54019_ndvi.tif,895185,da8625b444315f884f520e430f80bc5d2072df27ebe826e9b70ec7787dbfaf1c
data/national/ndvi/54027_ndvi.tif,885479,224600fc3a205ba7d868f0c3f5bc2e7f2b9eea2e12a7ddc52f72f58023ba57f7
data/national/ndvi/54029_ndvi.tif,132555,e23e062219786ad5a9bea3d8079d9e9df05dd7f2a2874e9984b90921c92bfcfa
data/national/ndvi/54035_ndvi.tif,660837,f460ebf825d9f1dc1805e74b372714baf2257d226703c4cfa4718eaa2ced8cfc
data/national/ndvi/54037_ndvi.tif,305513,faf0419d0e16f7cf2ed0d0bc6ed44e0ffff654ea7641668db1003c560642b6b4
data/national/ndvi/54039_ndvi.tif,1246589,cb6a11bb6554da35f46aa82e7f9df810aa7d2552bf789e6430e118d0826731cd
data/national/ndvi/54043_ndvi.tif,600332,74694d275f633fcae7c6d3dc8eaf3619cea055fb8165c31f222df5dfc26d9754
data/national/ndvi/54051_ndvi.tif,435625,c258aef47a3c01501e48fb2d158efc8a17fa3147770e92018382b2e77ee9b4ab
data/national/ndvi/54057_ndvi.tif,471951,d91efe167b0618ad3c1466439679b126a143eec7dd7ead8723578ae5f92709ab
data/national/ndvi/54061_ndvi.tif,510219,34519ce590fc5feddd59f519ba5cd8dde3640eb10d48d7deb170eb9fd635dfaf
data/national/ndvi/54065_ndvi.tif,327344,d2f466cd5b64340d7edfb34f692e508eaef21b790bd197c39b3555d1d4507a1c
data/national/ndvi/54069_ndvi.tif,156381,87b15cc59d73761522cd7217656f9e1c969355c255edb048804a9f473ec07c0d
data/national/ndvi/54077_ndvi.tif,887380,56ea9871873a7709c0bfad56d1e9d62ef95da75436c01ac63d6e5bbe07372413
data/national/ndvi/54079_ndvi.tif,494867,9fe1ba2009402432bff120dd2169408f6d2faf01f34421f8d2a457e9cb2d55ba
data/national/ndvi/54081_ndvi.tif,833210,f83cc5cef86c9a55e2f815a99cc987ef1119e7bb4accbde9e085f6c5717c5675
data/national/ndvi/54099_ndvi.tif,695413,9c874079687d53e97b9d1919e062421177f02cebacd9238f652da700d069d983
data/national/ndvi/54105_ndvi.tif,326324,17771771488aec932dcabf207e834a4dceb8507f6ed10a09c7ee546333024e52
data/national/ndvi/54107_ndvi.tif,533887,c772a103f5531e0c31e9c6fc76cc4e9a6bbfddd31469e70e47371b06d81b3c92
data/national/ndvi/55009_ndvi.tif,774434,e97724a8c87e75a25a1707d32f23b6a30a8ed21a0ebe7b16cd65453422758b90
data/national/ndvi/55015_ndvi.tif,585662,832063365fab630edbbcc418b97901e3aad881118433fe3705742dfe273f545c
data/national/ndvi/55017_ndvi.tif,1417927,4438c3fcd8479997293d6fafa6b9ff800215d4e1c3599f17c60d67db591e0e9d
data/national/ndvi/55021_ndvi.tif,1098036,72c1bbfbbca832bec8ebafe763b765792f20fb6ecb6dda7be3412081d431c22d
data/national/ndvi/55025_ndvi.tif,1704355,539ec410109c11f80ba7cdfd44d7cfeb9fbc0d98318a36317217ac8a04af9d1d
data/national/ndvi/55031_ndvi.tif,1810844,abc6706e874e468da764fe710cf9c776345763ec443cad6adf33c69e4e81d67d
data/national/ndvi/55035_ndvi.tif,877013,9469c6ff1c4e11a74979a7a06857efab9744ce58ea7ebd9030d0a8f2d73d6785
data/national/ndvi/55039_ndvi.tif,1076011,fe27e3769f1a4ddd2e9b70a6b66e77570f3db0ebaf22a8d68a4412ab22a654ff
data/national/ndvi/55045_ndvi.tif,797026,090fba94691507fb5700faf0183413a1c073f01f7f7a5e849ff9d3b23919b8ba
data/national/ndvi/55049_ndvi.tif,1038857,1c392ef8f32277f712a2b386feca69388f0fc1eec7236845812378d1e07c4b23
data/national/ndvi/55059_ndvi.tif,397398,12505522b9f9510562f488f4eb742e45e96a2187f3c12536dcdeea3f4959eae5
data/national/ndvi/55061_ndvi.tif,483283,0435f51cb083bfaf2d219b689713797af6b87e72e3dc19aa8ab17a8452475328
data/national/ndvi/55063_ndvi.tif,668348,48d0a37eeab81e4ffe3b74ea659b425e147be74127ce2dc0e05d2115280a465c
data/national/ndvi/55069_ndvi.tif,1216007,186dcec1f6393f589f4a96685c8af551b0ee802b295ff43227d040c089fd07b0
data/national/ndvi/55073_ndvi.tif,2135446,3767b35a9e5b92bff86c0fc7d1d9cb22de06da9e64af2a22986b75508b58b4af
data/national/ndvi/55079_ndvi.tif,359858,c2f72021fee6b9632137865db12d95f15a7bdfe68bf1da7202d94fc491560646
data/national/ndvi/55083_ndvi.tif,1413815,2e607743776a8acfb53bc137447163baf3e1ed56f78c02b90e4dc44fd6320124
data/national/ndvi/55087_ndvi.tif,898573,9663be499798ad71ad32f760b8590772d0afef6d74c9b32520cac2d5622b39ea
data/national/ndvi/55089_ndvi.tif,339041,0312452b99d424c5d4424a3f5c3655fc61c6bac31ff3261461a5c7bca412ba32
data/national/ndvi/55093_ndvi.tif,814332,a12e6c598264630ca2a88a7629b9d91c6b9eed17f69bd84c98d52cb8085b2d58
data/national/ndvi/55101_ndvi.tif,485826,ad9e6026c5c29c25c4d8c6bd9939d3200b2d04c168b83d78ed37c7c034dd0082
data/national/ndvi/55105_ndvi.tif,995207,4aaa60aa7b63fe63aeb1513682567577a7ed656052f60272bf558b124499d6eb
data/national/ndvi/55109_ndvi.tif,1009275,d92da8171806c33d6389886c1d7a8f915a3c6cac8f0ab2471a8c534e23289f44
data/national/ndvi/55117_ndvi.tif,728653,2f9d4af0a3905f06b9e8db0dc1db4be400b46fd22877d02202e821e5cd2cfad6
data/national/ndvi/55131_ndvi.tif,611099,018e10c45e1ff0dd030abc39f5a1f93b155f6c7500a5f2dfb3aa75d6304f4eab
data/national/ndvi/55133_ndvi.tif,820469,5f84e8e8d3f3b6f9c60d8b90d04c3b4c591683ba565c774246ebbc038167ec54
data/national/ndvi/55139_ndvi.tif,847076,76cd3219fd7609885c81679c3c06ff4fe5ff3285c1a2b870a87b0b53ac611550
data/national/ndvi/56021_ndvi.tif,3764309,2250ae9c7fe701de3b19091b447259b6a5db3e5326b49d904a5ba3a80305a9b0
data/national/ndvi/56025_ndvi.tif,7523047,b69b09a12ff1dd9e9cc3cbb54a86973a6863a1a8c50f5c684ae01eeae4df7739
data/urban-mental-health/inputs/_worldpop/usa_pop_2024_CN_100m_R2025A_v1.tif,1514763941,b5a5e446fc2cb28b9792cdbbddc60cacf236f82e753e6425ad5809dc676f3baa
data/urban-mental-health/inputs/_worldpop/usa_pop_2024_CN_100m_R2025A_v1.tif.aux.xml,423,e5c09c5eb7db1b4a2b47bbaf3a61fc156704c7f760794b1826a3e1bc476c6bb2
data/urban-mental-health/inputs/aoi.gpkg,188416,f60188cd14b02ae1476ffbcaf7d9011744163ee10e62d450003d756c56fbf55f
data/urban-mental-health/inputs/baseline_prevalence.gpkg,192512,c0eb2542cba96352bb62b6957c34233f88418f296e234f480785cd0d4b237798
data/urban-mental-health/inputs/health_cost_components.csv,175,0d5492d001e63b6d47916a66fd6f7869fee3daf1d0328bc123cfe898a53ccdec
data/urban-mental-health/inputs/health_cost_rate.txt,6,7d543f4759ed73a2ca8f5f13e633c3d9e42f9f49990e24f3981203ba159ba25d
data/urban-mental-health/inputs/ndvi_base.tif,1020822,93f25349b7e6ee5d39d6f995b05d02cd2acaf3583079529652e9bcdae05a5538
data/urban-mental-health/inputs/ndvi_base.tif.aux.xml,499210,54ae17d0c41e184b0b7401c71c65572d0c29757678592cc2d28234d51795325b
data/urban-mental-health/inputs/ndvi_scenario.tif,1331401,1fa939e6c98564476c417569f6b874e0b9565d6bbc1de1af8cb3367e96ce8ff3
data/urban-mental-health/inputs/ndvi_scenario_balanced_priority.tif,1338429,c5e864b6c15dffe107f21091e5986aa6b61e4468c99c4e711f53ea649dd53a45
data/urban-mental-health/inputs/ndvi_scenario_bestpot.tif,104926,14692563a2a7722ee387e6f99a12e2775be9cc87895196413b94bebfe6682554
data/urban-mental-health/inputs/ndvi_scenario_canopy.tif,1283067,07612a83d1fddd6d3860765159f147f2d8cbea0fb7bb96a298aa7dc4406e4ac0
data/urban-mental-health/inputs/ndvi_scenario_equity_priority.tif,1338386,8132b2eeb315a8eb340f9d4dce69defcf16760b64dc93b78cf0460f5b545602f
data/urban-mental-health/inputs/ndvi_scenario_greenable.tif,1674034,932c21d59c4de7da2e676d5afa93a45412a321cc2d1f41896844f9c35b6c38aa
data/urban-mental-health/inputs/ndvi_scenario_health_priority.tif,1337919,eeb94354d565303bdab263d553c2feadceb07dda8219915d2edb5229a0662377
data/urban-mental-health/inputs/ndvi_scenario_lulc.tif,1324652,a661eaa95605b2cbfb2f3bfab06a0f85ef8d3ecb2a0e0af4dc1a196a73685cd8
data/urban-mental-health/inputs/ndvi_zero.tif,49168,56650a7dcded0154e293746ad96b04eeec445005a14c3be0597f14047d1700bc
data/urban-mental-health/inputs/population.tif,89452,d9d8978d4fecf6fdcb83421de90e5ccd06e47a5d072481e04c07ebad2ecab33b
data/urban-mental-health/raw/cdc_places/prevalence_rate_usa_2021.dbf,23120910,2cb3b9dfd7c9dea70e55339a0ae1cede4e31154ac269033d9c8bf96bf4402b65
data/urban-mental-health/raw/cdc_places/prevalence_rate_usa_2021.prj,167,84cf5b9a3c1a444f83ac30ff76f8c5035990223027ba69b2f4d628388adcbd65
data/urban-mental-health/raw/cdc_places/prevalence_rate_usa_2021.shp,76034180,e3e870005de813e86c2873a7e0d285ed57171b0c849c940222ba7579e2f0d223
data/urban-mental-health/raw/cdc_places/prevalence_rate_usa_2021.shx,591044,b58b796dc20b7005c20270ec72ac26d4cbc395e5de345fb98a97895a2dc5f652
data/urban-mental-health/raw/meps/MEPS-HC Data Tools – Medical Expenditure Panel Survey (MEPS) Household Component (HC).pdf,619833,79da2f09c56074bbd054b67a91c5db6b288df627dc01674c1e299199879e4507
data/urban-mental-health/raw/meps/MEPS_HC_MedicalConditions_CrossSectional (1).xlsx,47828,71456912878ebea713579bac47d562840baffa1924f848eac7bc406077df69b7
data/urban-mental-health/raw/meps/MEPS_HC_MedicalConditions_CrossSectional (2).xlsx,45770,f71c8a1cce6fbbd4a4d8f648ae6cf433e1ea36a9d1d29af3927ea5219cbba068
data/urban-mental-health/raw/meps/MEPS_HC_MedicalConditions_CrossSectional (3).xlsx,47913,c3d65d0612220baf7b0d69957e57145d1be984caeb7108b2aa7acec6a408b278
data/urban-mental-health/raw/meps/MEPS_HC_MedicalConditions_CrossSectional.xlsx,45521,23d01cf303c61c9453a25d154d4ade3738775e606f18c99800c83093a2fc5309
data/urban-mental-health/raw/meps/MEPS_HC_MedicalConditions_Trends.xlsx,21846,c4c69bca3763b91961ff6d9569f12e13b2b543bd8ee97284c10eda1d70a9c85d
data/urban-mental-health/raw/nlcd/nlcd_landcover.tif,37233,97fbeb477e546694b40e98fec117f7f321ca7ef47851d4cd3aae34b63394e542
data/urban-mental-health/raw/nlcd/nlcd_tcc.tif,112936,854aa244aa37eb429cfa161c42d0e8ce70064923e1f1d7943c9a4ed59d2dd64d
